boro,boro_name,postcode,10_11growth,10_11_cat,11_12growth,11_12_cat,12_13growth,12_13_cat,13_14growth,13_14_cat,14_15growth,14_15_cat,15_16growth,15_16_cat,16_17growth,16_17_cat,17_18growth,17_18_cat
2,Bronx,10455,0.07049115039024853,excellent,0.0663178782963441,excellent,0.04219488148539785,excellent,0.0371303920023362,fair,0.06958388301849362,fair,0.037934124634855765,poor,0.09961255463910623,good,0.1932373148814589,excellent
3,Brooklyn,11216,-0.10102955979839678,poor,-0.03940391668123555,poor,0.03985669321668693,excellent,0.15803513212928005,excellent,0.18421005876227028,excellent,0.2469043614259226,excellent,0.24746213040906306,excellent,0.20523475437320313,excellent
5,Staten Island,10301,-0.011197174694969503,fair,0.016527644357581757,fair,-0.0013559190930950077,fair,0.0024441510969167037,poor,0.05635720113846871,poor,0.06344338223288913,poor,0.06587140245650305,fair,0.11102257861803023,good
1,Manhattan,10463,0.0902552456880805,excellent,0.05473087402526618,excellent,-0.0271171177716989,poor,-0.0569015262362272,poor,0.06558259299029803,fair,0.030201247104512736,poor,0.1823233247011409,excellent,0.0791226877515056,poor
4,Queens,11419,-0.05829867130235577,poor,-0.006734933575027638,poor,0.007948927762957088,fair,0.04316916393936495,fair,0.09606005567162826,good,0.09551817453671074,fair,0.046953823239441035,poor,0.09863223201825959,fair
3,Brooklyn,11416,-0.08889714598992726,poor,-0.08038570332895884,poor,-0.0062696557392658316,poor,0.19142146066142185,excellent,0.0302995768191891,poor,0.16005289641789805,excellent,-0.12347115038989082,poor,0.2146945523143407,excellent
4,Queens,11378,2.627185242002338E-4,fair,0.02852278801533989,good,0.017663837316229707,good,0.06473074463408866,good,0.09306030176103215,good,0.12718706020504372,good,0.059391684023954096,fair,0.11692804002699277,good
1,Manhattan,10035,0.04466880096700156,good,-0.08102601263834655,poor,0.0068218623966498524,fair,0.01200492123100077,poor,0.10978661766263359,excellent,0.1430866085793663,excellent,0.12642195412339835,excellent,0.17999261304603223,excellent
4,Queens,11371,0.028616852146263912,good,-0.1143740340030912,poor,0.09424083769633508,excellent,0.08931419457735247,excellent,0.2005856515373353,excellent,-0.01097560975609756,poor,0.055487053020961775,fair,0.14018691588785046,excellent
2,Bronx,10471,-0.023812760474911335,poor,0.024550634729176936,good,-0.004934268446621887,fair,0.029257126868595055,poor,0.056411031334187935,poor,0.09534639654909277,fair,0.10171095956821584,good,0.11559994783587427,good
4,Queens,11435,-0.015554830154513437,fair,0.04214122799395719,good,-0.0023929549679382657,fair,0.028740313124528134,poor,0.08869970992126014,good,0.11153196701972926,good,0.0588511581286255,fair,0.10667301382799113,fair
1,Manhattan,10018,0.07597827417475425,excellent,0.0669163337410165,excellent,0.10263883512766743,excellent,0.12224852008707472,excellent,0.08952359332117181,good,0.10614022533771608,good,0.06683061272177616,fair,0.14799327374374785,excellent
4,Queens,11103,0.025159912696499576,good,0.020947850688778018,fair,0.02445620286176745,good,0.06129138003365701,good,0.09613000015993488,good,0.11327699436044276,good,0.0900865435364601,good,0.1285085239721758,good
4,Queens,11429,-0.030924177298218735,poor,0.03321761540106456,good,0.013497082071199377,good,0.022317698202413475,poor,0.08078286822829646,good,0.0939820602524629,fair,0.03367804992871366,poor,0.11757702711988059,good
4,Queens,11423,0.003092052129354135,fair,0.015457466718180544,fair,-0.006137000233241045,fair,0.04032929602291621,fair,0.09343055327554467,good,0.07428513995589174,poor,0.0449819952193205,poor,0.09454655963956973,fair
5,Staten Island,10302,-0.053209818275751455,poor,0.019091647522482175,fair,-0.020215130754797854,poor,0.009297175437928821,poor,0.07404276422684655,fair,0.07498802989135234,poor,0.05825751546190271,fair,0.12015418400160556,good
1,Manhattan,10075,0.1994616802736212,excellent,-0.04943310805484036,poor,0.027129472215897732,good,0.0478426643354902,fair,0.06942885753403935,fair,0.091741803068233,fair,0.03408815725150269,poor,0.06598044280943888,poor
5,Staten Island,10305,0.0171213179034604,good,9.003003794867632E-4,poor,-0.07382956958588113,poor,0.02029421963499313,poor,0.03637785336618412,poor,0.07944860918842787,poor,0.09190785646580862,good,0.12917997481047258,good
3,Brooklyn,11249,0.2270678372865526,excellent,0.3323980492177109,excellent,0.144758045180519,excellent,0.07400209032088019,excellent,0.5054105281264072,excellent,0.13990626018049368,good,0.7283841514875876,excellent,0.1620503091256076,excellent
3,Brooklyn,11232,-0.05237208156360059,poor,0.07859420620381065,excellent,0.007466907559167881,fair,0.06436006392024686,good,0.10318377291045304,excellent,0.18542986087831723,excellent,0.1664026489901203,excellent,0.13538618826555546,excellent
3,Brooklyn,11230,-0.018330685469561514,poor,0.03521203001675961,good,0.0363119558186648,excellent,0.0803335313435374,excellent,0.07005790113029821,fair,0.17014779073128303,excellent,0.12111541921437056,excellent,0.13538266964474158,excellent
1,Manhattan,10044,0.14331084876973016,excellent,-0.0877665149338049,poor,0.015117506040482136,good,-0.05289455831049063,poor,0.047180175759374485,poor,0.033345707058866754,poor,0.07747847452051451,good,-0.018166732672906787,poor
3,Brooklyn,11219,-0.029865439494732107,poor,0.08371724045709573,excellent,0.03460487180638019,excellent,0.08405244186739294,excellent,0.10016798297869887,excellent,0.12363967018190576,good,0.1361797782062684,excellent,0.13432282293702563,excellent
3,Brooklyn,11236,-0.018539548709572584,poor,0.009515094738657389,fair,-0.0906270530971707,poor,0.029950099529567092,fair,0.023890513185424744,poor,0.17724488339557679,excellent,0.06337125489140918,fair,0.10084211978413783,fair
3,Brooklyn,11229,0.018882623716609512,good,0.04356869893922083,excellent,-0.056696758785543644,poor,0.04402754911384375,fair,0.03545083282885119,poor,0.19786607220917207,excellent,0.12197139329855151,excellent,0.08894527158674248,fair
3,Brooklyn,11217,-0.004315992797976769,fair,0.24669189306740033,excellent,0.08162384234314772,excellent,0.14878780382603543,excellent,0.05567336803912664,poor,0.17031785768271646,excellent,0.18598392212568438,excellent,0.17385047815653693,excellent
1,Manhattan,10012,0.05282795214207694,good,0.06439327167961593,excellent,0.044555449465145856,excellent,0.1530314909599403,excellent,0.09080712897278846,good,0.12269716547282031,good,0.09187814564033969,good,0.10625347932774708,fair
3,Brooklyn,11218,-0.048917003771514325,poor,0.04857457010577356,excellent,0.01692416101656432,good,0.08972680918062571,excellent,0.09819559749485886,excellent,0.17252786145267385,excellent,0.14589405651104487,excellent,0.1385271376218357,excellent
4,Queens,11361,0.033755779598881715,good,0.017918398820031507,fair,0.011126611271537815,fair,0.06510472708651109,good,0.07481232295532263,fair,0.11363973569280074,good,0.04098848737504063,poor,0.0964782705581477,fair
4,Queens,11373,0.04462821073995664,good,0.034215376519538175,good,0.01882111478707475,good,0.05268785000327686,good,0.09721725879472148,excellent,0.09612290338445188,fair,0.05717853546753283,fair,0.10711463352332992,fair
4,Queens,11413,2.7252076553010475E-4,fair,0.023664634415060462,good,7.369167426773066E-4,fair,0.03173426039707194,fair,0.07422229407124264,fair,0.07482474374257984,poor,0.0364747190159427,poor,0.09421330682619503,fair
3,Brooklyn,11222,0.046017705717209055,good,0.02511581028926934,good,0.004565958896713811,fair,0.11432178141831716,excellent,0.08526966215072662,good,0.2705518944855561,excellent,0.24339303722517683,excellent,0.24010311881356206,excellent
3,Brooklyn,11223,3.7938559990056096E-4,fair,0.05181078947857381,excellent,0.010598185714814983,fair,0.07102659718882869,excellent,0.07076854008640242,fair,0.17980252640407152,excellent,0.13464567938263955,excellent,0.09234144236792698,fair
4,Queens,11004,0.038572641513741714,good,0.0348283357679411,good,-0.007383974126996742,poor,0.044774103253878345,fair,0.06379902123620579,fair,0.0832603940908193,fair,0.01262055299521429,poor,0.10884180410494998,fair
4,Queens,11355,0.07421433012023021,excellent,0.032775936903023606,good,0.026697342802384793,good,0.047389118779940134,fair,0.07787007137010774,fair,0.08530999793911857,fair,0.06117873331966003,fair,0.1017526165296798,fair
3,Brooklyn,11242,0.021153846153846155,good,0.035781544256120526,good,-0.07818181818181819,poor,0.0,poor,0.0,poor,0.0611439842209073,poor,0.34944237918215615,excellent,0.05922865013774105,poor
1,Manhattan,10128,0.12359275826999666,excellent,-0.01997614369443682,poor,0.016062626342354974,good,0.044291933564076416,fair,0.055386082503138014,poor,0.0886600673567651,fair,0.06289307993868744,fair,0.06076397115651794,poor
4,Queens,11385,0.03991906806500638,good,0.06239666485646718,excellent,-0.005203168594783308,fair,-0.001629989385055222,poor,0.09764069075071138,excellent,0.13656117534520806,good,0.09425731212953561,good,0.11724931165324504,good
2,Bronx,10468,0.02149707464772822,good,0.039624312042868405,good,0.03181216952456924,good,0.049055804885098635,good,0.08824117933607138,good,0.10373045192353707,fair,0.07330616856556495,good,0.13741747934869028,excellent
3,Brooklyn,11224,0.006270875655745526,fair,0.15547630568705997,excellent,-0.0730548060687174,poor,0.0494874250615463,good,0.020684901177640165,poor,0.20286666410174123,excellent,0.11989691350070684,excellent,0.10441875183197234,fair
4,Queens,11370,0.03042966273825931,good,0.014404761552565893,fair,0.008753130714506698,fair,0.0579258845601622,good,0.08716163242610823,good,0.11452415818250337,good,0.04171028162904852,poor,0.13027337147677764,good
1,Manhattan,10011,0.14443982091591318,excellent,0.05795883005525941,excellent,0.007735918537607745,fair,0.06414035530852163,good,0.07847542329650802,good,0.2791449442874138,excellent,0.06093147417138897,fair,0.11308237775586126,good
3,Brooklyn,11231,-0.02266809513590181,poor,0.0746797231404783,excellent,0.04067699162118648,excellent,0.12272008155923839,excellent,0.07376934403178192,fair,0.14066856168208997,good,0.18927262767090722,excellent,0.18406736036665236,excellent
4,Queens,11379,0.036117046411145194,good,0.010062099829799758,fair,0.01490450404021731,good,0.05764213431534965,good,0.08539223247431445,good,0.0924226329448034,fair,0.04731901639731843,poor,0.11313412790903961,good
3,Brooklyn,11215,-2.7832888087317285E-5,fair,0.09208799007349937,excellent,0.05527269842508534,excellent,0.10775000642008968,excellent,0.08036939575313025,good,0.19075656529061974,excellent,0.14154127094484453,excellent,0.1238165805144602,good
3,Brooklyn,11226,-0.027935985011148717,poor,0.055575585640287646,excellent,0.04877793597222951,excellent,0.0641954928321234,good,0.09021470403265458,good,0.17173859324491644,excellent,0.14806809539108418,excellent,0.12358381910047911,good
3,Brooklyn,11210,-4.184207779928272E-4,fair,0.017488707699027686,fair,0.014120409818356229,good,0.07371689737267484,excellent,0.06274026316686142,fair,0.10378907582735589,fair,0.11257583133999285,good,0.08167388641446575,poor
4,Queens,11358,0.030120069305525746,good,0.024872712591687666,good,0.01889937173339514,good,0.05571045954579058,good,0.09335230464408203,good,0.10401711456478263,good,0.037963299699683414,poor,0.11184519877865065,good
1,Manhattan,10005,0.1763636946696457,excellent,0.028168371473730757,good,-0.021254487645149478,poor,0.06724682807373927,good,0.06607614483366239,fair,0.07410033649652538,poor,0.09871556914507544,good,0.014136990088812567,poor
3,Brooklyn,11221,-0.0353615322800133,poor,-0.050352683898824836,poor,0.019421452911739853,good,0.08173982215342739,excellent,0.17271379406069196,excellent,0.25556355720056767,excellent,0.26441310437924537,excellent,0.17892254127133322,excellent
5,Staten Island,10310,0.015306381736658301,fair,0.011429733296597267,fair,-0.0207670465411754,poor,-0.0066143807785380565,poor,0.07126040917843643,fair,0.059461008454455094,poor,0.06786598076381038,fair,0.08223136556766601,poor
2,Bronx,10473,-0.006713468054095026,fair,0.021806765852913586,fair,-0.014384744345520077,poor,0.041928058011895336,fair,0.05403909442016171,poor,0.08012463574616932,poor,0.0633620998023654,fair,0.11631749884425598,good
3,Brooklyn,11225,-0.022185748366927487,poor,0.03372272097407477,good,0.017950370899527848,good,0.08487831019753275,excellent,0.1330837640189478,excellent,0.2022659920679645,excellent,0.1939289817864745,excellent,0.17553902184426767,excellent
4,Queens,11360,0.05730328419355504,good,0.03400272430507343,good,-0.01746985462589973,poor,0.048434148982603696,good,0.060645295815439766,poor,0.09970566703987904,fair,0.0427518956688189,poor,0.07943710675485527,poor
1,Manhattan,10007,0.15030069566216017,excellent,-0.07229407821838106,poor,0.05264634197262358,excellent,0.06432174655319699,good,0.030133195120415193,poor,0.0998271451191977,fair,0.16911131037226293,excellent,0.06522270557963444,poor
2,Bronx,10457,0.005365397450965583,fair,0.02423230147576978,good,0.05346881685916423,excellent,0.02935573269759937,poor,0.06506094315695028,fair,0.09122812801065541,fair,0.1024539796548835,good,0.1308896190395335,excellent
2,Bronx,10464,-0.014885171455739518,fair,0.035276079771164,good,-0.022625528957778814,poor,-0.02314816861623972,poor,0.06429894449418125,fair,0.02730719053631874,poor,0.05451292162240377,fair,0.07000552336330575,poor
4,Queens,11377,0.04365018741193867,good,0.00739134457581486,fair,0.06380583374309044,excellent,0.06886721993672397,good,0.08778484379501546,good,0.10400502337362297,good,0.06688812727803908,fair,0.1179199862404603,good
4,Queens,11101,0.12149591126347357,excellent,-0.004272081806905325,poor,0.16137739364145195,excellent,0.06654326170356992,good,0.08307552466691266,good,0.15195540126304272,excellent,0.11164104636458054,good,0.26492516175498193,excellent
4,Queens,11005,-0.07929141104294478,poor,1.6325116358099757E-4,poor,0.014633577614923385,good,0.010420462715820783,poor,0.02534709699220514,poor,0.10094813162297825,fair,0.14650110527770102,excellent,0.006175907933782216,poor
1,Manhattan,10023,0.16477586649202866,excellent,0.0403545093321154,good,-0.008037214851938698,poor,0.037719879548644974,fair,0.08673211905353552,good,0.07678378014263412,poor,0.038944648220618876,poor,0.06271201959622187,poor
2,Bronx,10469,0.00854999796800333,fair,0.00846145168828122,fair,-0.013753549677967006,poor,-0.010465422282617591,poor,0.073577984052367,fair,0.05241304771760613,poor,0.06689519856779788,fair,0.09378552893695252,fair
4,Queens,11426,0.04190091033264008,good,0.01256492065986235,fair,-0.004601358615390475,fair,0.05332036356695858,good,0.08343011493842964,good,0.0702696231252443,poor,0.03516763913370025,poor,0.09333131541228085,fair
3,Brooklyn,11207,-0.023929903817471763,poor,-0.031307932209193395,poor,0.044092055749933586,excellent,0.028534460904672848,poor,0.07458584118143537,fair,0.15963576570011845,excellent,0.15620226139783372,excellent,0.12237801825908422,good
4,Queens,11433,-0.01129750531435762,fair,0.023191413786533985,good,-0.004617074015373864,fair,0.008143511820738858,poor,0.07854819533167565,good,0.09494300192566385,fair,0.027748358597058147,poor,0.10896212099788069,good
4,Queens,11416,-0.06697285365758324,poor,0.01855659701359958,fair,0.004993335915628083,fair,0.0342967184062482,fair,0.10663499219574653,excellent,0.11299091810290608,good,0.03946578830305767,poor,0.12396660312874132,good
1,Manhattan,10002,0.08339178134034307,excellent,0.06870816944965741,excellent,0.10984147489950706,excellent,0.06291330334710787,good,0.08578085337001386,good,0.07169681464979459,poor,0.08059530626154246,good,0.14629967515998532,excellent
3,Brooklyn,11235,-0.0030437773227104006,fair,0.06051453547190139,excellent,-0.15916000919550408,poor,0.06890979778923131,excellent,0.019587014089520315,poor,0.21989274426960861,excellent,0.16810980475892717,excellent,0.11910501273421323,good
4,Queens,11418,-0.048511809168947796,poor,0.019332741215952538,fair,0.012115801246406667,fair,0.07327622093366148,excellent,0.10000490917704438,excellent,0.10439450190353716,good,0.06248228796683493,fair,0.10071860972955123,fair
1,Manhattan,10026,-0.08885006318743194,poor,0.13065815725095006,excellent,0.12996168756101312,excellent,0.03567311885921059,fair,0.11598235662563527,excellent,0.1258284680193107,good,0.1279692176693323,excellent,0.09976949883522135,fair
1,Manhattan,10030,-0.054406185583688406,poor,-0.023818722911588167,poor,0.034643875679085695,excellent,0.03724893126598286,fair,0.09386329062222508,good,0.19757032511316616,excellent,0.20748096900673088,excellent,0.1191461398925029,good
1,Manhattan,10025,0.09153538137753231,excellent,0.030928571905552118,good,0.07005814967176804,excellent,0.07215623656532319,excellent,0.062045704061015644,fair,0.10983491358423947,good,0.10441176066740553,good,0.078453025052556,poor
1,Manhattan,10031,8.927441618925507E-4,fair,0.0343574084497437,good,0.04707354130552515,excellent,0.0647853501028141,good,0.14020106775537544,excellent,0.15914135916314334,excellent,0.12220139202557004,excellent,0.1490830023327867,excellent
1,Manhattan,10162,0.1,excellent,0.09435965494359655,excellent,0.029787169536745088,good,0.06328294054435989,good,0.12979012072211762,excellent,0.35446714129915324,excellent,-0.0516221253189064,poor,0.04198305796161331,poor
4,Queens,11356,-0.00538689783892531,fair,0.02037485298189426,fair,5.179832312844532E-4,fair,0.04605532016222135,fair,0.07400852666206263,fair,0.14691234027002578,excellent,0.06862107800595105,fair,0.11688359209404005,good
1,Manhattan,10034,-0.010739024797265198,fair,0.04723389071942711,excellent,0.08300040584243626,excellent,0.05789984498346399,good,0.1390919092103548,excellent,0.09841441234284308,fair,0.12257560289897591,excellent,0.130969917882875,excellent
5,Staten Island,10308,0.01566747306114721,fair,0.011808113872996937,fair,-0.022898941710922712,poor,0.03504896068065001,fair,0.05827830967714407,poor,0.04739484066998194,poor,0.043910619583988585,poor,0.11124040563747059,good
4,Queens,11109,0.06843408364453218,excellent,-0.08288244825192746,poor,-0.1268742659334622,poor,0.11181735078378022,excellent,0.04755464569646232,poor,0.23098602422268869,excellent,0.05879614974860602,fair,0.12400111580234441,good
1,Manhattan,10069,0.09052453801251077,excellent,-0.005956336116695468,poor,0.07293414006591369,excellent,0.10174142201565783,excellent,0.042679209207377895,poor,0.13031129704436614,good,0.1022982028142081,good,0.008221192743935747,poor
3,Brooklyn,11204,-0.028142222736347224,poor,0.05168006200202545,excellent,0.01946110819144974,good,0.08044675734613224,excellent,0.0731456196363839,fair,0.15265574923055902,excellent,0.12698197228125857,excellent,0.11624699645651194,good
4,Queens,11106,0.05516049415767716,good,0.011912611020530393,fair,-0.005524921626677337,fair,0.051840773602415985,good,0.0978407859734096,excellent,0.13492695025114199,good,0.11570515105823971,good,0.13384519351794608,excellent
1,Manhattan,10019,0.1311002792276807,excellent,-0.04920754140494149,poor,0.05770197999074215,excellent,0.03425418257740873,fair,0.10296230857897828,excellent,0.11863092019168923,good,0.03051239636844236,poor,0.0943099731853896,fair
2,Bronx,10454,-0.005247600330843283,fair,0.04724009460741672,excellent,0.013975982798731485,good,0.03147584176386808,fair,0.06180244638593644,fair,0.09186295857663163,fair,0.11947440566250744,good,0.2451152438524268,excellent
4,Queens,11368,-0.06558292826734306,poor,0.022632211122345935,good,0.012136631914517831,fair,0.05401504201937835,good,0.09697053735625343,good,0.11388226145861062,good,0.08291930831988782,good,0.1366374447114229,excellent
3,Brooklyn,11251,-0.019307492690742195,poor,0.15558389372966633,excellent,-0.27749849351377676,poor,0.0,poor,-4.4661793065313126E-8,poor,0.2776432648702582,excellent,0.35000011616705007,excellent,0.07931328138590914,poor
3,Brooklyn,11201,0.05852473806785725,good,-0.019079541802542344,poor,0.08025843597415495,excellent,0.12159560890174831,excellent,0.06952240327447272,fair,0.19668682962672285,excellent,0.19464886535218232,excellent,0.1925753308452308,excellent
4,Queens,11040,0.014648795109921734,fair,0.04697491176332031,excellent,0.0071345414922307565,fair,0.01703905726788829,poor,0.07059921534596024,fair,0.10494942471899955,good,0.005554404767538184,poor,0.1360384200993835,excellent
2,Bronx,10459,-0.03660323108017903,poor,0.0705436333585403,excellent,0.1478226774462474,excellent,0.017519253012935315,poor,0.05397961737046411,poor,0.02288916537596505,poor,0.0954327061069883,good,0.11264263656624152,good
4,Queens,11415,0.022789307967822473,good,0.010220633884463096,fair,0.038503008291848856,excellent,0.05057713610827305,good,0.13799429276353284,excellent,0.09795643400257013,fair,0.050960564193861864,fair,0.0874074132980244,poor
4,Queens,11427,0.00521077306230549,fair,0.028925640731370356,good,0.0028995141678845315,fair,0.03378558654199248,fair,0.0829228096098899,good,0.07067284100776557,poor,0.04265484744298564,poor,0.10877367090668515,fair
4,Queens,11420,-0.04521738303080556,poor,-0.006454222196846771,poor,0.0011254391805858492,fair,0.03218714560200169,fair,0.10084198607531207,excellent,0.10091878783271682,fair,0.04965934939547052,fair,0.08481843347103296,poor
1,Manhattan,10280,0.1377009272310014,excellent,-0.03242128828846479,poor,0.0026496363735567796,fair,0.11831136559046575,excellent,0.08494156488896402,good,0.09994391636648865,fair,0.07279206601770917,good,0.008981904010451746,poor
1,Manhattan,10010,0.20030730438783453,excellent,-0.011023672455192805,poor,0.2955883712050969,excellent,0.19997284587589917,excellent,0.05809208963375508,poor,0.1242354261278147,good,0.07128096918854604,good,0.043951675418817886,poor
2,Bronx,10462,0.09242617254718692,excellent,0.03628984877578225,good,0.17297495454822576,excellent,-0.019083984013032018,poor,0.04400624457086664,poor,0.04416974306423057,poor,0.058680536317220235,fair,0.08782078765015605,poor
5,Staten Island,10303,-0.017937024931972446,fair,0.0030536589771477138,poor,-0.031968558387151944,poor,0.027848007804869106,poor,0.042845114915245695,poor,0.053168035539317655,poor,0.05106589246954994,fair,0.11182930739782164,good
4,Queens,11430,-0.005978831571295483,fair,0.005711585966293509,fair,-0.013682417879401783,poor,-0.009103326182646731,poor,0.14172671996521977,excellent,0.12204115451561194,good,0.07037238651181872,good,0.06297051463520513,poor
3,Brooklyn,11213,-0.05198117157624835,poor,0.0488545392807308,excellent,0.020688244940200304,good,0.17379949665950564,excellent,0.13169050535580204,excellent,0.21360618262893963,excellent,0.16603498874643524,excellent,0.18700310432026718,excellent
3,Brooklyn,11233,-0.023308542597927966,poor,-0.010457697291753955,poor,0.02959853630861965,good,0.07862105318148048,excellent,0.12144411522725158,excellent,0.18799839059648948,excellent,0.21026538694658303,excellent,0.18220387598087098,excellent
4,Queens,11411,0.010672399318501993,fair,0.037170473025463696,good,0.0050670006642999695,fair,0.021063057452208184,poor,0.06620747042065353,fair,0.05652252868987422,poor,0.029755971913643278,poor,0.08252838512039753,poor
4,Queens,11691,-0.013697793273791836,fair,0.018350903176395074,fair,-0.08581588870559462,poor,0.018164540537095344,poor,0.034952357995327726,poor,0.1773886817250268,excellent,0.03252024790322096,poor,0.09641475011545464,fair
1,Manhattan,10016,0.18751632277726568,excellent,0.020698030426100262,fair,0.019181881740346296,good,0.04967688664343568,good,0.06851925921956266,fair,0.06504119383735453,poor,0.05957625695688401,fair,0.07382929259452345,poor
3,Brooklyn,11239,0.014274994849112242,fair,0.0048274695724456335,poor,-0.009304785098261908,poor,0.03576108403050241,fair,0.036244675501947946,poor,0.18619802016985648,excellent,0.29745329055109454,excellent,0.1303198244222315,excellent
4,Queens,11367,0.05636662165062967,good,0.041585909234668504,good,0.019345691799782863,good,0.058718584118251434,good,0.07874375198797792,good,0.12281374453088993,good,0.0318943779856162,poor,0.12749138445788094,good
5,Staten Island,10309,0.07106336505090032,excellent,0.007869276624459047,fair,0.0038512489311005064,fair,0.037780373663986275,fair,0.0614157046057286,fair,0.031818423094951476,poor,0.04855259553735542,fair,0.09277321502816414,fair
2,Bronx,10463,0.021736254082410592,good,0.03406390475278081,good,0.009250836588378135,fair,0.030403458529244493,fair,0.058890294490107443,poor,0.10262498861987636,fair,0.07439003764753295,good,0.0846187192883453,poor
3,Brooklyn,11228,0.01682604423437044,good,0.05326696712894165,excellent,0.02104163806400484,good,0.07476544741254787,excellent,0.0746969120257411,fair,0.1233561243635558,good,0.1127653329645658,good,0.10303998555864481,fair
5,Staten Island,10314,0.008247107757246427,fair,0.015037082106127034,fair,-0.010560478683773172,poor,0.018131173295754914,poor,0.08015757453047748,good,0.04518100752310604,poor,0.0619703498225203,fair,0.11104376787981614,good
5,Staten Island,10307,0.01562885829081249,fair,0.017035395447432208,fair,-0.013547860205718649,poor,0.040981556168211745,fair,0.05434886709984136,poor,0.056598156921057796,poor,0.03967808815476245,poor,0.09048256382462176,fair
1,Manhattan,10001,0.21309493956675393,excellent,0.026321284006049692,good,0.00984193285569878,fair,0.0991185380802886,excellent,0.09405702902641641,good,0.10888978670256634,good,0.054327413491981155,fair,0.13582624282201025,excellent
1,Manhattan,10040,0.10647093649036163,excellent,-0.011813310058865475,poor,0.02298551803713536,good,0.07658437705968077,excellent,0.11874603821461857,excellent,0.05798516817344149,poor,0.101989929184889,good,0.11735840973064002,good
4,Queens,11369,-0.06606505042168424,poor,-0.001318171640274083,poor,-0.002466434662699902,fair,0.06375861493471333,good,0.09847807326490202,excellent,0.13812113490486158,good,0.047126467957744125,poor,0.15253734994647367,excellent
1,Manhattan,10006,0.2979615445785238,excellent,-0.07263386638049171,poor,-0.021712553772388718,poor,0.09386599798807639,excellent,0.07802717259858544,fair,0.08750560872489846,fair,0.06263087176631779,fair,0.04477964866904981,poor
2,Bronx,10453,0.03720748444756753,good,0.13147303215792347,excellent,0.0052233707435868915,fair,0.025471116945453016,poor,0.06708788865045562,fair,0.05696251197523791,poor,0.11178310963033355,good,0.1001578617596655,fair
1,Manhattan,10009,0.1378734760317956,excellent,0.03340415489702731,good,0.05832158249334454,excellent,0.06435205027282936,good,0.10975944416999385,excellent,0.0932295782091759,fair,0.08731234983021154,good,0.10164741166320827,fair
2,Bronx,10460,-0.03550726393998353,poor,0.0648473456368025,excellent,0.0280488501732139,good,0.023574251822995045,poor,0.047823192030113745,poor,0.061151774877128875,poor,0.1196801062880467,excellent,0.10747927425157378,fair
1,Manhattan,10038,0.05003467769988554,good,0.03202611422372179,good,0.017672973223326734,good,0.034050308685433135,fair,0.06551214906290644,fair,0.09047962858050973,fair,0.12367052661169943,excellent,0.12225056184665606,good
1,Manhattan,10065,0.11793518597877675,excellent,-0.015489718988240541,poor,0.03164786400243411,good,0.047314085889594716,fair,0.06780005047022891,fair,0.07706041844705595,poor,0.036840397812815395,poor,0.030862926003073488,poor
1,Manhattan,10017,0.09128340034729754,excellent,-0.07293032378001615,poor,0.020143832337249055,good,0.03829092715943439,fair,0.04921730356432845,poor,0.09325316093137413,fair,0.018947399444242733,poor,0.07250314872685873,poor
4,Queens,11434,-0.020969010078921026,poor,0.017444941454074485,fair,0.015429122025152613,good,0.03009775001147108,fair,0.07822908168870701,fair,0.09694440062305083,fair,0.041114696780019055,poor,0.09464370084498241,fair
4,Queens,11436,-0.039765971864813246,poor,-0.015903911600667866,poor,0.0027281711045039417,fair,0.04300012038267506,fair,0.11825282250084909,excellent,0.10101894634701324,fair,0.019401381014868112,poor,0.09491540851317076,fair
4,Queens,11357,0.051668256560288124,good,0.014031795690348745,fair,-0.003476945927026866,fair,0.05024736337993125,good,0.0807790608405544,good,0.11035705186482951,good,0.040727895736325286,poor,0.0979082405653011,fair
2,Bronx,10470,-0.01802519325955363,fair,0.005888565700003223,fair,-0.0034576924357590843,fair,0.00917729257214195,poor,0.054960100166087655,poor,0.05728085575033311,poor,0.06026497444398435,fair,0.07984561107085668,poor
3,Brooklyn,11205,0.01423382050734489,fair,0.049288292233761924,excellent,0.041981073959248515,excellent,0.09124228518680462,excellent,0.12143696748715875,excellent,0.2455130455535763,excellent,0.16872011430565742,excellent,0.14639986854577258,excellent
5,Staten Island,10306,0.014018678543673287,fair,0.0010743362793980003,poor,-0.09242998964271208,poor,0.06799313889225689,good,0.03586175562872589,poor,0.09145726809750453,fair,0.06597099987489143,fair,0.12396156691184605,good
1,Manhattan,10024,0.15245492423223972,excellent,0.044429909657896685,excellent,0.02695708297431935,good,0.0451237848536761,fair,0.08043030824165506,good,0.1069841611653004,good,0.06404793800627072,fair,0.09061448039785659,fair
3,Brooklyn,11212,-0.08391108772337126,poor,-0.07897010619580665,poor,0.034027070530826764,excellent,2.3418081085794135E-4,poor,0.06907365268102987,fair,0.07922112533459695,poor,0.10346039473055213,good,0.10984755944974543,good
4,Queens,11363,0.03504232701622108,good,0.01226294724140803,fair,-0.020683323986840335,poor,0.031118169144699732,fair,0.07264925488787018,fair,0.14938584480235115,excellent,-0.018173638201299386,poor,0.06299988924817433,poor
5,Staten Island,10312,0.02163897136050674,good,0.015766123778051935,fair,-0.006564308838498652,poor,0.028241038230514277,poor,0.0658113137737132,fair,0.040032927289683135,poor,0.04481545231151536,poor,0.10581717903631743,fair
3,Brooklyn,11211,-0.022832983328572636,poor,0.11022645343086862,excellent,0.052249482572954364,excellent,0.10102473950393497,excellent,0.1449215879626513,excellent,0.1925969214388005,excellent,0.19506540097909125,excellent,0.131206433828735,excellent
1,Manhattan,10033,0.08583458678208469,excellent,0.041949212178591086,good,0.05317292434505584,excellent,0.08296499562411404,excellent,0.0767090749367901,fair,0.11839792737697118,good,0.10089535944096353,good,0.1401704764092756,excellent
2,Bronx,10465,0.01411084304100976,fair,0.04025511844252016,good,3.297720866009629E-4,fair,-0.00866920206125289,poor,0.05844930059541432,poor,0.030714919813547983,poor,0.06159477005756439,fair,0.09978654563343693,fair
4,Queens,11375,0.058300145771987666,good,0.03149974987737508,good,0.015057305748821033,good,0.05575636960597821,good,0.1223210709818919,excellent,0.09435205970091734,fair,0.03420104616620414,poor,0.11652245228842625,good
1,Manhattan,10028,0.1438284415463835,excellent,-0.011100218414006185,poor,0.044841007600581795,excellent,0.059447348355769196,good,0.09570526806898288,good,0.07960486256347647,poor,0.058018102443382166,fair,0.052804455931967226,poor
2,Bronx,10451,0.0906391313167597,excellent,0.002661050356435318,poor,0.0583386204691978,excellent,0.06057652569333261,good,0.15327255164169118,excellent,0.10387182111110466,fair,0.06596312447654246,fair,0.17424621825699702,excellent
2,Bronx,10461,-0.03422365562375858,poor,0.04783949221097033,excellent,-0.009369271656410747,poor,-0.0033187846793415513,poor,0.06075415191166111,poor,0.042505721140332305,poor,0.08873112279106793,good,0.08616499924961414,poor
4,Queens,11104,0.055504278754288726,good,0.011099328840984884,fair,0.026763243461677466,good,0.07628370155010994,excellent,0.11466560995825294,excellent,0.1327826290787924,good,0.06506968910792577,fair,0.10376557908817274,fair
2,Bronx,10472,-0.09427516349505642,poor,0.055170114466191696,excellent,-0.011027824714682843,poor,0.0184609298169198,poor,0.03500665100284096,poor,0.06481427114027988,poor,0.1123088360342608,good,0.08878329689042912,poor
2,Bronx,10803,0.25054466230936817,excellent,0.18641114982578397,excellent,-0.0381791483113069,poor,-0.05801526717557252,poor,0.0,poor,-0.1507293354943274,poor,-0.15076335877862596,poor,0.4134831460674157,excellent
4,Queens,11001,0.007054985375487876,fair,0.010890325719411132,fair,0.0032330588761857017,fair,0.040852653550476986,fair,0.09136806177532097,good,0.08247044855408286,fair,0.0016945390457500731,poor,0.10320515417168594,fair
3,Brooklyn,11238,-0.0238351996430538,poor,0.09693397002759344,excellent,0.08331417123826801,excellent,0.14239620373782083,excellent,0.1280406441562516,excellent,0.23000035359971552,excellent,0.23303245245536197,excellent,0.19203301202042758,excellent
4,Queens,11105,0.06212640012140466,good,-0.0014050662522833639,poor,0.013043097786476719,good,0.0748502480212622,excellent,0.08875302712867288,good,0.11740707392642813,good,0.08532677318517419,good,0.11653377116368079,good
5,Staten Island,10304,-0.005643529052805606,fair,0.007400683117772322,fair,0.002336538790941283,fair,0.01645939285916376,poor,0.04723171687208987,poor,0.06688646475533097,poor,0.07016670509982778,good,0.1280230137790811,good
1,Manhattan,10004,0.11953461691320601,excellent,-0.036681270020445224,poor,0.015856369314613802,good,0.06418403763424232,good,0.046545874957409465,poor,0.11545505175372694,good,0.03596518297931368,poor,-7.141556516565307E-4,poor
1,Manhattan,10039,1.2637480661985478,excellent,0.13320959607122201,excellent,0.08193967687983329,excellent,0.03628981376566955,fair,0.08508335753124267,good,0.0874813237451678,fair,0.10679923526426946,good,0.11048100846403383,good
4,Queens,11692,0.018407681515445008,good,-3.746274735813711E-5,poor,-0.1555708056176634,poor,0.01386200870043048,poor,0.12115425699576947,excellent,0.25954317601962235,excellent,0.08786851882844436,good,0.10196104885756063,fair
2,Bronx,10456,0.03204079736054831,good,0.05856285574017622,excellent,0.05979445415026232,excellent,0.029398177220264533,fair,0.06014946813830217,poor,0.10674455041850738,good,0.05980374288461091,fair,0.12081754168591419,good
2,Bronx,10452,0.05537726098701861,good,0.017001434482601507,fair,0.026025813043820314,good,0.04059490510493582,fair,0.08808652965500564,good,0.07469435185350898,poor,0.06609514189108737,fair,0.1351882576953606,excellent
3,Brooklyn,11209,0.0189585526612143,good,0.06700778051927302,excellent,0.02425188575416514,good,0.07680484956501517,excellent,0.06489948249892998,fair,0.1293278121112192,good,0.11324424672466386,good,0.1017544722733353,fair
3,Brooklyn,11220,-0.018513127831653414,poor,0.09686535351628874,excellent,0.028947348860448092,good,0.08043652511575929,excellent,0.06992380106164388,fair,0.13332464986838372,good,0.12723430605958577,excellent,0.13390991698345722,excellent
1,Manhattan,10037,0.009317057046906578,fair,-0.03424453559829143,poor,0.05667439479851437,excellent,0.13929818950746933,excellent,0.079624596612898,good,0.16674399878997595,excellent,0.17356344413960728,excellent,0.12438226335498526,good
4,Queens,11354,0.0408780745693358,good,0.024295142637567328,good,0.006778016280423203,fair,0.02795020811371357,poor,0.07812939618505642,fair,0.09648945728218444,fair,0.06760696918203074,fair,0.3161560309883874,excellent
4,Queens,11428,-0.010394089263810465,fair,0.009300445289353603,fair,-0.006896150074974105,poor,0.039698928826315164,fair,0.10018694417062633,excellent,0.08558366625612103,fair,0.04164979421791852,poor,0.12676326329796234,good
2,Bronx,10475,-0.03165785133374437,poor,0.03782932919536115,good,-0.022307903378888255,poor,-0.015790412654290067,poor,0.058496084856094546,poor,0.07587407920749907,poor,0.06704652134901191,fair,0.05301412553524587,poor
4,Queens,11372,0.025983570868610296,good,0.060821438919939595,excellent,0.007521117549715004,fair,0.061274912865662376,good,0.08306389331027723,good,0.16054900006804873,excellent,0.09711309408211365,good,0.09997298745553032,fair
4,Queens,11417,-0.036849075766431205,poor,0.011775756336550858,fair,0.010303029565561546,fair,0.026682221163518892,poor,0.09582064420789117,good,0.10077792249808139,fair,0.03979881760607055,poor,0.0861436550319419,poor
2,Bronx,10467,-0.047091528809674654,poor,0.06410540474208304,excellent,0.03127337846502142,good,0.012071670335756181,poor,0.06871910080825332,fair,0.10923484651833815,good,0.08031462348885922,good,0.08357160751897846,poor
1,Manhattan,10021,0.11345781202365486,excellent,-0.006735458645985816,poor,0.022675444819114092,good,0.03351482438368655,fair,0.0576223170286401,poor,0.10156767714918237,fair,0.04979058040359518,fair,0.043037056263756375,poor
1,Manhattan,12345,-0.5878787878787879,poor,-0.20955882352941177,poor,-0.002325581395348837,fair,0.030303030303030304,fair,0.17647058823529413,excellent,-0.0057692307692307696,poor,0.2495164410058027,excellent,0.14860681114551083,excellent
4,Queens,11697,0.0533452017165827,good,0.0370264459615431,good,-0.23278364660242723,poor,0.06646938072916461,good,1.7475371777817304E-4,poor,0.18543330889390114,excellent,0.08730247949111414,good,0.1430187174078057,excellent
3,Brooklyn,11203,-0.02737782126884935,poor,4.07646728922799E-4,poor,0.0021163638544903452,fair,0.04828709420462498,good,0.05229197503035686,poor,0.10755967783724671,good,0.10295972448818398,good,0.12472120431288428,good
4,Queens,11364,0.05988833824869259,good,0.014137409410808967,fair,0.009505081168821443,fair,0.04078527401413898,fair,0.08278906091972879,good,0.1018295917210314,fair,0.04403551118765367,poor,0.09653925269365696,fair
4,Queens,11374,0.07117367322366905,excellent,0.040185435101801864,good,0.019666104162720875,good,0.04390621262671421,fair,0.14021390168906053,excellent,0.08952390451186779,fair,0.06439292311265568,fair,0.08399883609380862,poor
1,Manhattan,10027,-0.006745159139028485,fair,-0.05173485732571792,poor,0.06913906819979831,excellent,0.06463634631803582,good,0.14765914098857016,excellent,0.22166461465750806,excellent,0.20355603428445815,excellent,0.12732013006898923,good
1,Manhattan,10032,0.14778979754229665,excellent,0.02277242792121571,good,0.07840494642342492,excellent,0.07599447466715749,excellent,0.1375951667922722,excellent,0.12585689001333075,good,0.15561298692693465,excellent,0.13708457430673515,excellent
4,Queens,11414,0.03446237208807408,good,0.014406808534443536,fair,-0.173119963395448,poor,0.02317328203815296,poor,0.02223893258055407,poor,0.19384789144062417,excellent,0.060178628606649014,fair,0.07783846659614449,poor
3,Brooklyn,11206,0.0013913538783249069,fair,0.04269839329383798,good,-0.04074864292276174,poor,0.08352686771528346,excellent,0.1366630152376932,excellent,0.1993491477659356,excellent,0.2011554687495779,excellent,0.14316004144688135,excellent
4,Queens,11421,-0.06472167342130762,poor,-0.0055488361117041985,poor,0.003213668677748924,fair,0.05437696103553731,good,0.10923609369295022,excellent,0.12417624590596454,good,0.08941210883651599,good,0.11139523428001163,good
1,Manhattan,10022,0.09927908915088626,excellent,-0.044365174179866684,poor,0.014824013945947939,good,0.037833746209427456,fair,0.09541009545108567,good,0.08382289917955271,fair,0.05114607742108238,fair,0.06317724430716248,poor
4,Queens,11694,0.031178281793012217,good,0.039219186007186116,good,-0.22564777926177731,poor,0.11559530660487397,excellent,0.026402172317703997,poor,0.08047998063408482,poor,0.13889765205571117,excellent,0.11746124874658427,good
2,Bronx,10458,0.014597397450929295,fair,0.011280943950126833,fair,0.009718715997305496,fair,0.035190353755302835,fair,0.09073731586261796,good,0.10316737655854032,fair,0.11197727925486017,good,0.1193501202356117,good
3,Brooklyn,11208,-0.06060936120831851,poor,-0.040824333920114385,poor,-0.008308226995186387,poor,0.023484875737050263,poor,0.06362546667860192,fair,0.11870794741301734,good,0.11936705361742703,good,0.13365902316637943,excellent
3,Brooklyn,11234,0.007860666517402365,fair,0.024441909424455982,good,-0.06253473328033309,poor,0.032468418031763625,fair,0.02484591382152964,poor,0.14801814368755975,excellent,0.09721752920384431,good,0.07913595481696785,poor
4,Queens,11365,0.06904324330048482,excellent,0.029940398227350833,good,0.015951408996917715,good,0.04301248670459289,fair,0.0881301907260108,good,0.10177150963732147,fair,0.03370595794306237,poor,0.10402605942204754,fair
4,Queens,11366,0.0478343425036541,good,0.03238065529419856,good,0.01794384660585967,good,0.0489673263707278,good,0.08395658008245972,good,0.11207259387700766,good,0.048386606816695814,fair,0.1069284420511723,fair
4,Queens,11693,0.024944246358290654,good,0.005215457847858281,fair,-0.19661400196672765,poor,0.052515775914876626,good,0.014631357879098318,poor,0.15949514249080898,excellent,0.09791212459416634,good,0.09724293830086571,fair
1,Manhattan,10014,0.16520313993325333,excellent,0.05981824830749771,excellent,0.024574365297672072,good,0.12569628264761293,excellent,0.07405701850549255,fair,0.12768192264028602,good,0.06846839225629205,fair,0.10526097245726591,fair
4,Queens,11102,0.05502828331853283,good,0.03023696063994394,good,-0.014162180076576523,poor,0.061397580460222985,good,0.11840069063067858,excellent,0.12041529106783397,good,0.12531529526312024,excellent,0.10792269603973828,fair
3,Brooklyn,11237,0.004687199878572184,fair,0.004865974139639964,poor,-0.027047092166207837,poor,0.0170799241517736,poor,0.1722441143449846,excellent,0.22078522967358477,excellent,0.20100277604128555,excellent,0.1421733484870226,excellent
2,Bronx,10474,-0.052786070200721076,poor,0.00840187352502837,fair,0.04045727266138813,excellent,0.04665887487394832,fair,0.09634119387689209,good,0.06950510960112982,poor,0.01376574634223814,poor,0.12469388245233476,good
4,Queens,11432,-0.006030262523960124,fair,0.009957019362845411,fair,0.013131122214491702,good,0.06179897878898219,good,0.10631494475670789,excellent,0.12569373333845657,good,0.0424732126454585,poor,0.10234778026902382,fair
1,Manhattan,10282,0.0773836549295552,excellent,0.019673851919847538,fair,0.13646949355080912,excellent,0.07416878229418092,excellent,0.11239505989054883,excellent,0.09201827797782694,fair,0.09584214653108575,good,-0.0020084895574229316,poor
1,Manhattan,10013,0.0895144174446007,excellent,0.010736877190725842,fair,0.039481171597317906,excellent,0.11808496096623149,excellent,0.1047217446121351,excellent,0.10362109419073359,fair,0.08478304416618933,good,0.13194697671971262,excellent
1,Manhattan,10029,0.13466525032694854,excellent,0.006369756189355694,fair,0.025017796143295985,good,0.05195649572907113,good,0.13372431877686958,excellent,0.10928874549412541,good,0.10447281674152503,good,0.11750600100693927,good
4,Queens,11422,-0.010280227133522144,fair,0.02384333615332344,good,-0.05401529611002052,poor,0.024975206636674414,poor,0.06090278177275342,fair,0.14771887093073185,excellent,0.033229226772844025,poor,0.09730735371895653,fair
2,Bronx,10466,-0.017896213464520732,fair,0.015597917118485327,fair,-3.171054134155405E-4,fair,-0.0015797860503315633,poor,0.07581033623498853,fair,0.05753977105173848,poor,0.06180994179395066,fair,0.08830016019421276,poor
3,Brooklyn,11214,0.019747862340641728,good,0.05556261650518266,excellent,-0.028625117550682515,poor,0.0595302372302421,good,0.06616648569383507,fair,0.1548414639931524,excellent,0.1542205271559402,excellent,0.11673902289473832,good
4,Queens,11412,-0.037509677725277565,poor,0.026577306842203254,good,0.027785535062547558,good,0.04430817109315208,fair,0.0860866152327157,good,0.08329278596933797,fair,0.015990929863301445,poor,0.09228385694319806,fair
1,Manhattan,10003,0.16731448642807342,excellent,0.07306250660004707,excellent,0.05523567050431777,excellent,0.06318110629490284,good,0.09090910753667812,good,0.103857509347446,fair,0.05889001345980418,fair,0.08017418556269018,poor
1,Manhattan,10036,0.08150607403631094,excellent,1.4237433080916557,excellent,0.20973849734133918,excellent,0.17467425788769894,excellent,0.08298938101787823,good,0.12878189731159623,good,0.026834289882182255,poor,0.10582692327573433,fair
4,Queens,11362,0.05731861841921446,good,0.028828918648132067,good,0.004220619120698965,fair,0.049937565875287186,good,0.07817440697136697,fair,0.08453326591653566,fair,0.03825772537951239,poor,0.07926896919863835,poor
