"",10019,""
"",10036,""
"",11211,""
"",10453,""
"",10021,""
"",11355,""
"",10468,""
"",10128,""
"",10022,""
"",10011,""
"",10001,""
"",10016,""
"",11358,""
"",10012,""
"",11435,""
"",11417,""
2010,11697,150.70239317602045
2010,10006,132.53315619524918
2010,10162,130.33899942129628
2010,10281,126.19737144510584
2010,11241,95.53517071759259
2010,11249,67.66117259455224
2010,11430,65.07028700484956
2010,10020,48.243609921680545
2010,10048,40.8766947337963
2010,10464,40.33184939185699
2010,10018,38.78293348330733
2010,10044,38.474870785489145
2010,10001,38.39898487250394
2010,10465,38.207952722596836
2010,10471,38.0840356356479
2010,10010,37.5761017172911
2010,10017,36.99130230733062
2010,11361,36.91797657737744
2010,10019,33.91203146490343
2010,11362,33.78163424582062
2010,11426,33.78029110934278
2010,11366,33.12833848291302
2010,10036,33.05473992974795
2010,10469,32.93981323600155
2010,11358,32.63288909455295
2010,10461,32.14966455320742
2010,11363,32.140585391900125
2010,10014,32.139431890383115
2010,11365,31.953894593017033
2010,11694,31.630148472243746
2010,11427,31.29058460113612
2010,11370,31.162132132462144
2010,10003,31.061489556058852
2010,10022,30.98055014705303
2010,10021,30.662513226159835
2010,10028,30.525381185128154
2010,10308,30.111534965297274
2010,10012,30.086359631365415
2010,11379,29.97313879992156
2010,10013,29.914878586400537
2010,11364,29.843062359450084
2010,11103,29.8222140087892
2010,11419,29.74313577895784
2010,10024,28.812939573613853
2010,11374,28.765164208027837
2010,11375,28.317364222631607
2010,10023,28.180800362383547
2010,11355,28.156102269749212
2010,11435,28.043225689832997
2010,10011,27.954635839192633
2010,10470,27.92778499569094
2010,10128,27.888950836398635
2010,11105,27.461549039289245
2010,11411,27.451541278014865
2010,10016,27.427425401485078
2010,11418,27.266032572211213
2010,11428,27.137897764284414
2010,11372,27.080217758521634
2010,10475,26.946259867935645
2010,11102,26.79560194363052
2010,11357,26.758944554432034
2010,11416,26.693602180294196
2010,11429,26.65377281672727
2010,11432,26.424488807705526
2010,11367,26.39568091968363
2010,11360,26.3834446260899
2010,10007,26.27381751760192
2010,11423,26.137542697302056
2010,11421,25.99786364763876
2010,10002,25.988232795534362
2010,10005,25.961554402326495
2010,11420,25.939887512748975
2010,11385,25.936304244130135
2010,11434,25.827121246353553
2010,11101,25.76653386780412
2010,10009,25.729062136022947
2010,11109,25.703773849607188
2010,11412,25.60266235415455
2010,11104,25.527568656330846
2010,10314,25.475952059129785
2010,11369,25.462954889736256
2010,10038,25.236837294267513
2010,11222,24.895652425184704
2010,11004,24.80717018939587
2010,11693,24.56950430083808
2010,11413,24.15466160478781
2010,11417,24.141315939423876
2010,10466,24.132235298088915
2010,10306,24.127536929258746
2010,11378,24.02623209523027
2010,11205,23.99764655410321
2010,10004,23.878058004875392
2010,11422,23.868497212043145
2010,11211,23.777425576353014
2010,10312,23.772698934960186
2010,11415,23.615908872591923
2010,11373,23.614586312266237
2010,11234,23.57214433808208
2010,11215,23.52391079392012
2010,11377,23.462459751580507
2010,11433,23.270476827420854
2010,10280,22.956148843930634
2010,11436,22.93125602900799
2010,11238,22.923712042584675
2010,10462,22.817166746171022
2010,11354,22.752975555535503
2010,11414,22.483898917946128
2010,11242,22.279016203703705
2010,10307,22.178104717301647
2010,11368,21.940389483936244
2010,11106,21.901335433506038
2010,10309,21.426060925875355
2010,11218,21.31490214080083
2010,10025,21.1087541395572
2010,10463,21.09726498031041
2010,11204,20.956112200358994
2010,11201,20.86446265918194
2010,11231,20.80536381206004
2010,11356,20.793017716365007
2010,11228,20.584987237145327
2010,11214,20.53389633579126
2010,11691,20.42435253605942
2010,10473,20.222868441846444
2010,10027,20.079361795862
2010,11217,19.98854129935971
2010,10305,19.814239732961322
2010,10026,19.730518419381635
2010,11239,19.609591000469553
2010,11220,19.405767441172852
2010,11232,19.170407200579596
2010,11230,19.0913667955018
2010,10310,18.966172190972415
2010,11235,18.920301550108864
2010,11206,18.803593347771475
2010,10302,18.703949273567215
2010,10030,18.655284360337646
2010,10454,18.59459706316635
2010,11219,18.51753235990052
2010,11229,18.487997562669594
2010,10472,18.28817477872815
2010,11209,18.203633660508736
2010,10035,18.202161319283924
2010,10459,18.0976972565305
2010,11237,18.080394337149365
2010,11221,17.878742316287727
2010,10039,17.871378978898576
2010,11216,17.810131748552177
2010,10304,17.805385630129653
2010,10037,17.680732556126078
2010,10029,17.646509740953388
2010,10031,17.495522677075652
2010,10069,17.4633234778339
2010,10301,17.406525253860956
2010,10282,17.345322300269615
2010,11223,17.221889054844482
2010,10453,17.110879709373105
2010,10455,17.06847549030806
2010,10033,17.044440139886465
2010,11210,17.043300161883078
2010,10032,16.963963305462556
2010,10451,16.88839168957651
2010,10474,16.692698014966005
2010,11236,16.668501858761957
2010,11233,16.300522266662846
2010,10467,16.122921971314515
2010,10034,16.11388022926635
2010,11224,15.89790833820182
2010,11692,15.843925421719716
2010,10457,15.70623898687545
2010,10458,15.701536133770931
2010,11225,15.649098622624361
2010,10460,15.443527655091287
2010,11203,15.249154900157563
2010,10452,15.184066323139506
2010,11207,15.159223307179643
2010,10040,15.030929280871678
2010,11213,14.947731579274325
2010,11226,14.867340872085364
2010,10456,14.61158182785139
2010,10468,14.52658186768816
2010,11208,14.384179840932127
2010,10303,13.901242682172256
2010,11212,13.249247044881278
2010,10118,9.848611111111111
2010,10119,7.515927854938272
2010,11371,6.266261574074074
2010,10103,6.084722222222222
2010,11243,5.662197222222224
2010,10153,3.5760792824074077
2010,10112,2.9819444444444443
2010,10041,2.8697222222222223
2010,11359,2.796736111111111
2010,10123,2.1305555555555555
2010,10121,0.0
2011,10279,637.432349537037
2011,10278,175.66828703703703
2011,11249,103.37511730769239
2011,10121,59.4231121399177
2011,10006,53.81034446391485
2011,11430,53.17574610054685
2011,10041,51.34375
2011,10307,50.65454077004218
2011,11697,41.36670059749922
2011,11419,37.1275476500454
2011,10004,35.69098918662483
2011,10471,35.19141848964683
2011,10044,34.553553669410164
2011,10464,34.49238166507027
2011,11363,34.1285464756587
2011,10465,33.8892501615832
2011,11358,33.683099515270776
2011,10309,33.67924987431981
2011,10018,32.99125623040548
2011,10280,32.028843040208734
2011,10314,32.02221197545032
2011,11420,31.155323368895658
2011,10282,31.152999551971327
2011,10312,30.803779431614966
2011,11426,30.371382817015693
2011,10022,30.311138181873055
2011,11370,29.999202199661635
2011,10001,29.78038253988433
2011,11361,29.22602594156275
2011,10308,28.896604418694995
2011,11004,28.383611600080805
2011,10017,28.23799868030739
2011,11365,28.043708270259344
2011,11414,28.039003693262487
2011,11231,27.634294931447197
2011,10036,27.492021636874515
2011,10024,27.44119442647713
2011,11411,27.174670517187916
2011,11242,26.97571759259259
2011,10128,26.84065261557154
2011,11428,26.805515766311387
2011,10069,26.286188177506784
2011,11368,26.223515289724915
2011,11362,26.040401809922027
2011,10469,25.656880824008145
2011,11369,25.59798558752619
2011,10010,25.475312450842715
2011,11357,25.15042449099298
2011,11418,25.034687817456984
2011,11366,24.9077010602229
2011,11412,24.8992008449885
2011,11228,24.842414354300175
2011,11413,24.773778531370038
2011,11215,24.76289541438531
2011,10016,24.654982418773233
2011,11379,24.56187987264082
2011,10023,24.55604249910911
2011,10019,24.375408799230264
2011,11356,24.14543138045681
2011,10461,24.129098360265157
2011,11427,24.02166021900902
2011,10306,23.995372105269272
2011,11423,23.900553368470202
2011,10011,23.80773168119363
2011,11432,23.76255387126849
2011,11105,23.761453763726646
2011,11355,23.715629958990057
2011,10012,23.624505084678603
2011,11416,23.397231566449435
2011,11243,23.377926311728398
2011,10028,23.370975798162075
2011,11429,23.18306068874103
2011,11375,23.16323864931145
2011,11421,23.15175501088224
2011,11364,23.116991562980772
2011,11694,23.00201806756472
2011,11373,22.959139576370575
2011,11354,22.825373752378685
2011,10003,22.3025683989304
2011,11378,22.175129566796816
2011,11360,22.165515665592558
2011,10470,22.074198753680392
2011,10013,21.687113159518297
2011,10025,21.604082286142617
2011,11422,21.56148758425146
2011,11417,21.34926173493958
2011,11372,21.179935936617834
2011,10466,21.12824754783683
2011,10005,21.040301449570038
2011,10007,20.719434101452574
2011,11435,20.69987440035644
2011,11374,20.69709735428125
2011,10463,20.635757268105397
2011,11103,20.628123178170885
2011,11201,20.613567603935657
2011,10014,20.36269103409811
2011,10462,20.325715851203654
2011,11222,19.931353122453025
2011,11367,19.761990240576054
2011,11101,19.654266608952536
2011,11102,19.611912322151085
2011,11217,19.554890997399323
2011,11434,19.407751328339955
2011,11234,19.382115430729172
2011,11218,19.301284868548347
2011,10305,19.210875541734
2011,11385,19.186314312417974
2011,10021,19.047043296465908
2011,11205,19.03403592054334
2011,11209,18.988309163815323
2011,11204,18.88034143227501
2011,10475,18.577760416666642
2011,11220,18.297555811975833
2011,11238,18.267234067374694
2011,11693,18.221274843872855
2011,11104,18.14551667283042
2011,11232,18.136422278917195
2011,11359,18.077254050925927
2011,11229,17.8774480808236
2011,11219,17.695237811311557
2011,10112,17.673958333333335
2011,11377,17.566657861609503
2011,11691,17.51546509312328
2011,11436,17.503492920383906
2011,10035,17.48502110399839
2011,11223,17.392242745429538
2011,11415,17.336617188968756
2011,10009,17.22523782543468
2011,10301,17.03116547490178
2011,11433,16.99117834377002
2011,11230,16.974934970782407
2011,10304,16.85808574394877
2011,11211,16.81179485024078
2011,10027,16.71558120815105
2011,10026,16.580511682156654
2011,11206,16.55709886711942
2011,10310,16.503261021358643
2011,10473,16.412502057836313
2011,10030,16.361919015550903
2011,10002,16.128832843840506
2011,10020,16.079606320730452
2011,11106,16.014589474092517
2011,10459,15.777626282972255
2011,11216,15.777032748811713
2011,11235,15.715460570019788
2011,10472,15.446838212722366
2011,10455,15.360504438018118
2011,11224,15.328110063726966
2011,10474,15.24375557627605
2011,11214,15.202253031470784
2011,11236,15.149824342108447
2011,10032,15.043467765141388
2011,11210,15.02978285649237
2011,10162,14.871993055555558
2011,11692,14.847857555291107
2011,11221,14.84089745503786
2011,10038,14.697419198680493
2011,10302,14.630101756462357
2011,10037,14.624639166499058
2011,11207,14.47808809990131
2011,11208,14.43929772885207
2011,10031,14.40132109388485
2011,11237,14.35725286626717
2011,11109,14.31677379211918
2011,10454,14.312612957598
2011,11233,14.101917982172267
2011,10033,14.038861880600555
2011,11225,13.987728514675641
2011,10460,13.960179500408232
2011,11203,13.910687559477035
2011,11213,13.564822802033152
2011,10029,13.554284606156878
2011,10451,13.468915394925252
2011,10467,13.30114913647066
2011,10034,13.275782897787304
2011,10039,13.186919220867143
2011,10281,13.173202742837178
2011,10457,13.105289011916016
2011,10468,12.926754079470596
2011,11226,12.509660389615474
2011,10458,12.324840553777182
2011,11212,12.240003814766123
2011,10456,12.11341553290278
2011,11239,11.977227388939157
2011,10453,11.53035114931888
2011,10452,11.111791477189106
2011,10040,10.691461579428097
2011,10303,10.686953702837986
2011,11371,8.396599247685185
2011,11241,7.200958333333334
2011,10103,6.713327546296297
2011,10048,4.837637330840456
2011,10119,3.3933256172839505
2011,10105,2.147777777777778
2012,10107,278.42789930555557
2012,10048,122.30360394620809
2012,11359,107.5341435185185
2012,11241,62.711691261574074
2012,10308,46.955490998305315
2012,10044,45.322752353828534
2012,10020,44.51756434132996
2012,10282,43.94000636574073
2012,10307,43.85711304682469
2012,10004,41.357849961366895
2012,11430,41.26858673777945
2012,10312,40.66955690875572
2012,10306,38.042933439484614
2012,10309,33.659885918529994
2012,10280,33.09339784356725
2012,10314,32.74426753468177
2012,11228,32.51144663725272
2012,10001,30.866685653919703
2012,11419,30.826105148508546
2012,10017,30.183211215888104
2012,11361,29.786060854087136
2012,11363,29.74109792847948
2012,11418,29.19135148934908
2012,10007,29.126634698915208
2012,11358,28.665847460794524
2012,10022,28.66465198385654
2012,11215,28.346305141207452
2012,10018,28.302073866334293
2012,10305,27.520738587239194
2012,11360,27.38555661039313
2012,10028,27.37614352055608
2012,10016,26.34254372790328
2012,11379,26.285758447975066
2012,11364,26.078482490309316
2012,11105,25.96296237758557
2012,11234,25.962533617269113
2012,11420,25.668204004271203
2012,11355,25.574676679933457
2012,10465,25.265134900199083
2012,11428,25.221365240705083
2012,10036,25.044189852480137
2012,11414,24.8282338722338
2012,11222,24.617953229480488
2012,11231,24.337023829338566
2012,10310,24.224384636246157
2012,10024,24.12810816203993
2012,10013,24.124619186845123
2012,11230,23.981074359931213
2012,11204,23.837304503068882
2012,10005,23.53852169918012
2012,10010,23.502003451814524
2012,11249,23.31435986257647
2012,11220,23.283756673818996
2012,11432,23.196434871661506
2012,11365,23.092808083299616
2012,11362,23.035426368247215
2012,11229,23.034110926456584
2012,11436,22.82373727109909
2012,11219,22.630359184929425
2012,10281,22.591124669312176
2012,11205,22.478978673908987
2012,10019,22.39609046464817
2012,11223,22.3795755694599
2012,11236,22.33326806802419
2012,11694,22.299101491574774
2012,11369,22.292531033662048
2012,11423,22.291159139141556
2012,10304,22.143304514041468
2012,10014,22.135512343136067
2012,11375,21.924631744486245
2012,10003,21.88734619663341
2012,11433,21.861173083124086
2012,10128,21.72810780504387
2012,11416,21.662536369339804
2012,10011,21.662486321657813
2012,10021,21.653330126239492
2012,11692,21.57064552282577
2012,11235,21.564812591752123
2012,11217,21.462317923527305
2012,11218,21.445755965927674
2012,11415,21.37978549059717
2012,11211,21.317754718380566
2012,11209,21.269875661452474
2012,11417,21.187766465634713
2012,10012,21.06673978857482
2012,11357,21.062387088825393
2012,11101,21.060333544977578
2012,11411,21.018781016501833
2012,11426,20.8325602965508
2012,11367,20.821436891725053
2012,11412,20.568389201210003
2012,10006,20.408650261535705
2012,11356,20.39432632884118
2012,11378,20.32858073279167
2012,10461,20.09549582804838
2012,11354,20.0429376169506
2012,10301,20.042746620242713
2012,10302,20.025664522281023
2012,11214,20.02220138888882
2012,11366,20.000227657556966
2012,11102,19.99022247753271
2012,10303,19.95371772671283
2012,11374,19.90830644893455
2012,10023,19.89061525589237
2012,11203,19.84781199672522
2012,10469,19.761401408314818
2012,11421,19.660753692376048
2012,11691,19.62667431627663
2012,11385,19.360946658464126
2012,11370,19.27440168271041
2012,11232,19.209240269687502
2012,10002,19.167618953426526
2012,11210,19.055250820440722
2012,11372,18.915015381465555
2012,11201,18.856120148447815
2012,10038,18.70047247543413
2012,10009,18.59549147836287
2012,11422,18.584446628404148
2012,10471,18.501683285012806
2012,11435,18.447946575097053
2012,11429,18.378399274451244
2012,11221,18.18312566505554
2012,11413,18.15789700911228
2012,11238,18.112262580900733
2012,11208,18.06200315380733
2012,11103,17.983203962986625
2012,10025,17.936814723377076
2012,10462,17.906012743427027
2012,11004,17.85564248276044
2012,10464,17.851200986312406
2012,11207,17.836489820109346
2012,11233,17.736756053100095
2012,11434,17.674282341162385
2012,11427,17.540343647875847
2012,10466,17.49720342430075
2012,11224,17.40293144805765
2012,11216,17.28239410834259
2012,11206,16.723049537834555
2012,11373,16.51474059599808
2012,10069,16.459032109392325
2012,11239,16.399487154407925
2012,11377,16.182905372120352
2012,10473,16.03488321560204
2012,11212,16.0281679177878
2012,10027,15.91685608359411
2012,10029,15.77220540372647
2012,11368,15.62380247626446
2012,10026,15.62233038855955
2012,11225,15.542078168448574
2012,10030,15.538441233621867
2012,11213,15.351018555564318
2012,10470,15.282880585300152
2012,11237,15.276385903835404
2012,10475,15.164782465130974
2012,10035,15.017499309149299
2012,10474,14.815720791010785
2012,10472,14.620253936517983
2012,11106,14.61412987152872
2012,11693,14.534229157964331
2012,10037,14.363200452895757
2012,10041,14.306741898148148
2012,10459,14.030292280621229
2012,11109,13.816711161011323
2012,10451,13.651099571059977
2012,10031,13.034319498584797
2012,11104,12.974786294193152
2012,10162,12.886613859953705
2012,10033,12.796824665595693
2012,10455,12.763635873463727
2012,10454,12.686227728952561
2012,11226,12.617803935879854
2012,10463,12.613362856928736
2012,10457,12.580876823529778
2012,10460,12.525142291508363
2012,10467,12.307068167124598
2012,10456,12.052766521277684
2012,10032,11.846190761502847
2012,10458,11.728644628048604
2012,10104,11.620335648148147
2012,10453,11.617303139926921
2012,10468,11.234390227924923
2012,10039,11.149799752988624
2012,10452,10.642060498495976
2012,10034,10.424327756113405
2012,10040,9.525232649255088
2012,11697,8.664624500998
2012,10111,8.50300925925926
2012,11371,7.866897505144032
2012,10118,7.06259837962963
2012,10045,6.928136574074074
2012,10106,6.023622685185185
2012,10112,5.692534722222223
2012,10103,5.2622762345679
2012,10119,3.9177083333333336
2012,11242,2.9368055555555554
2012,10173,0.8875
2012,10121,0.4704614197530864
2012,10123,0.004166666666666667
2012,10154,0.0
2013,11371,118.27045749742797
2013,10107,79.52623842592592
2013,11430,68.65094726333096
2013,11220,48.29876145943036
2013,11105,42.03097068560803
2013,10162,37.72722222222222
2013,11693,37.72299213107416
2013,10282,37.47221171858275
2013,10119,36.843506538336584
2013,11241,33.70908130787037
2013,10312,33.54652148842066
2013,11364,33.03639284481143
2013,11232,32.01961542326372
2013,10308,31.02941234991003
2013,11361,30.53867121244121
2013,10307,30.400434663619304
2013,10104,29.366385030864198
2013,11362,29.268449785040517
2013,11694,29.23352175817196
2013,11426,28.121003176141254
2013,11358,26.826454177968223
2013,10306,26.342240374590467
2013,11692,26.066408871798565
2013,11428,25.82774208321765
2013,11697,25.697419870107062
2013,10309,25.323754396496057
2013,11363,25.212198407223415
2013,11360,25.0784505076677
2013,10314,24.914371609873815
2013,11365,24.781700326336832
2013,10001,24.706524982323675
2013,11432,24.480523427773843
2013,11414,24.06541890334256
2013,11369,23.955551537364823
2013,11357,23.783399131332366
2013,10018,23.55304281232373
2013,11427,23.474389783094885
2013,11215,23.389433779718207
2013,10004,23.351510849861384
2013,11228,22.91672064725905
2013,11230,22.85418759495037
2013,11217,22.751707300693923
2013,11418,22.70597209440149
2013,11229,22.59787298721948
2013,11419,22.445873213419365
2013,11004,22.301028121081856
2013,11366,22.236015697088426
2013,10017,22.203377063062394
2013,11436,22.10813342187678
2013,11411,21.998037859503384
2013,10012,21.98575534451219
2013,10305,21.899600417634275
2013,10036,21.854735780013666
2013,11354,21.76649229468791
2013,11204,21.640672798348664
2013,11355,21.600109425609105
2013,10016,21.077433208792453
2013,11223,20.939087181486016
2013,11435,20.876531260973746
2013,11211,20.823453556014996
2013,11356,20.791390147055054
2013,11420,20.655760331672465
2013,11417,20.654845489284554
2013,11222,20.629744303518304
2013,11231,20.51836031132959
2013,11370,20.497239450264008
2013,11379,20.38185529044198
2013,11377,20.37087115520373
2013,10002,20.362109128015927
2013,10128,20.34167764043204
2013,10028,20.232343554510972
2013,11219,20.196106445197845
2013,11378,20.177913851440408
2013,10019,20.1730126609806
2013,11218,20.118970537602504
2013,10112,20.08188271604938
2013,11234,19.900107214350477
2013,10013,19.866886903139605
2013,10465,19.772468183317955
2013,11691,19.71221853907586
2013,11374,19.554579749861617
2013,11102,19.548267020851203
2013,10006,19.500251048165875
2013,10014,19.468624883461565
2013,11429,19.363928273792705
2013,11367,19.360607745387078
2013,10011,19.344882650895375
2013,11103,19.290107360827328
2013,11375,19.2468622117443
2013,11101,19.245767166319283
2013,11413,19.243654673518705
2013,10022,19.19828292279071
2013,11249,19.169920346719326
2013,11422,18.945311854913978
2013,10301,18.92157758497909
2013,11434,18.916189089085194
2013,11236,18.87785622322986
2013,11372,18.76214309997439
2013,10003,18.60511083192749
2013,10010,18.58129099983326
2013,11412,18.51047541745532
2013,10281,18.405383428300098
2013,11210,18.383199168327266
2013,11423,18.30989853737256
2013,10021,18.2420374312066
2013,10024,18.171588361166087
2013,11104,18.153141760747168
2013,11201,18.14106064232999
2013,10310,18.069327845617067
2013,10469,18.05862888550848
2013,11368,18.008983822144184
2013,10302,17.997085614377635
2013,11235,17.988836159618764
2013,10475,17.96008640742386
2013,11209,17.932984255664778
2013,11214,17.85751752333962
2013,11385,17.76261657183535
2013,11433,17.74587179509243
2013,10007,17.68121357664949
2013,11416,17.677211990826034
2013,10044,17.507561077643913
2013,11205,17.476110439582612
2013,11109,17.435453288224124
2013,11106,17.372908418595877
2013,11421,17.3082428232444
2013,10069,17.305716424056268
2013,10038,17.26393407622197
2013,11216,17.194234168151965
2013,10461,17.194174281189053
2013,11221,17.037940619854773
2013,10023,17.033833157284448
2013,11239,17.009572562834382
2013,11224,16.984744149817654
2013,11208,16.950681894536316
2013,10009,16.776452044256224
2013,11233,16.745636347692027
2013,11238,16.706202962251464
2013,11206,16.593775732584277
2013,11373,16.468351650913156
2013,10153,16.460495014245016
2013,10303,16.368883333922675
2013,10027,16.36558726443843
2013,10471,16.32735838311611
2013,10304,16.080876074492082
2013,11207,16.009248885294568
2013,10035,15.984382155899791
2013,10025,15.656643546405993
2013,10122,15.416903935185186
2013,10460,15.360363427317312
2013,10462,15.339144597264019
2013,10459,15.18678342546325
2013,11237,15.086016549574891
2013,10467,14.866801488484242
2013,11415,14.861276882251088
2013,10031,14.852319716640702
2013,10005,14.794376417888223
2013,11226,14.689287535491573
2013,10030,14.597039814660807
2013,10039,14.586188016041456
2013,10033,14.5320807385294
2013,10457,14.48880219685782
2013,10029,14.394232599703379
2013,11203,14.354283724661263
2013,10466,14.34857521050091
2013,10464,14.212831673871728
2013,11225,14.21191754219262
2013,10453,14.174178130290946
2013,10026,14.141122031810069
2013,10451,14.132261791156289
2013,10474,14.052166027870822
2013,10468,13.974809322851737
2013,10470,13.894796515776601
2013,10463,13.715847908648033
2013,10032,13.549941416203152
2013,10037,13.512221796028866
2013,10456,13.424568393256088
2013,11212,13.385245105327604
2013,10454,13.14141502598265
2013,10280,12.966306223466551
2013,11213,12.94668850708491
2013,10473,12.92520413382334
2013,10458,12.884879638420212
2013,10455,12.324206483551702
2013,10452,12.29476271432176
2013,10048,12.286248191550925
2013,10472,12.085246908093477
2013,10020,11.986346020299157
2013,10034,11.71501884883504
2013,10040,10.55036949992546
2013,10103,5.090428240740739
2013,10111,5.006488970588235
2013,10118,4.891453373015873
2013,11359,4.667297453703704
2013,11242,4.527867476851852
2013,10041,3.676247685185185
2013,10123,3.2883873456790127
2013,10121,1.9056134259259259
2013,10271,1.0748032407407409
2013,10106,0.6160339506172839
2013,10279,0.42694444444444446
2013,10169,0.0
2014,10121,1057.2161805555556
2014,11371,94.77882936507935
2014,10122,36.669756944444444
2014,10107,34.22684553872054
2014,11430,32.86770303004238
2014,10111,32.70607703189301
2014,10281,31.194730474108358
2014,11361,29.83313580400788
2014,11355,28.326056391671973
2014,11364,28.294625738661058
2014,10020,27.655830924036273
2014,11362,27.226111567737174
2014,11360,27.044310323028302
2014,11222,25.90014505285931
2014,11109,25.313177736006676
2014,11358,25.223321560264786
2014,11427,24.80294667916578
2014,10162,24.45345486111111
2014,11229,24.192116350084053
2014,11354,24.129304170896983
2014,11426,23.724796697771968
2014,10123,23.43579398148148
2014,11432,23.133061594415484
2014,11694,22.991155693854523
2014,11220,22.412099029204324
2014,11693,22.32864203965567
2014,11414,22.2862886472402
2014,11357,22.282311900924796
2014,10001,21.898894244201205
2014,11233,21.681122275850306
2014,10007,21.481594086021495
2014,11374,21.361254554840368
2014,11004,21.20680740453737
2014,10069,21.179752524674395
2014,10017,21.108159653781524
2014,11420,21.07237878200912
2014,11230,21.022493434803806
2014,11418,20.940059876596493
2014,11356,20.746453749403877
2014,11423,20.66382555850886
2014,11236,20.550153263336913
2014,11379,20.50666806877151
2014,10282,20.504074192176866
2014,11231,20.334295326962135
2014,11223,20.300536906513873
2014,11216,20.067661429158274
2014,11234,20.028402865237826
2014,11215,20.02617180025967
2014,11417,19.873498393010593
2014,11369,19.86841543093852
2014,11411,19.851250719050483
2014,11101,19.788433059077065
2014,11372,19.65151319859006
2014,10153,19.62061011904762
2014,11433,19.605513353823422
2014,11228,19.567578895283987
2014,11214,19.485601181096204
2014,11238,19.469495089285935
2014,11208,19.45551174460257
2014,11435,19.307586747488035
2014,11210,19.245870643133838
2014,10028,19.207996544230895
2014,10002,19.18299157529282
2014,11375,19.014929941998613
2014,11373,18.981160009525972
2014,11412,18.944977171629098
2014,11377,18.92812428860754
2014,10019,18.909185080695803
2014,10012,18.80517843967651
2014,11201,18.789809640024927
2014,11105,18.693562141262873
2014,11221,18.659323190865333
2014,11363,18.634509614619976
2014,11413,18.59502271846647
2014,11365,18.53473062482332
2014,11218,18.53332771686776
2014,11205,18.466367472915053
2014,10016,18.459502297960345
2014,11378,18.375725235800815
2014,11211,18.34532570032265
2014,11232,18.339669823286737
2014,10119,18.335052590968157
2014,11204,18.332932388571347
2014,11416,18.10322455709545
2014,11207,18.08208238204562
2014,11434,18.06022554732972
2014,10032,18.008721699829163
2014,10128,17.975868033528027
2014,11235,17.855354834111964
2014,10018,17.82286444453236
2014,11385,17.809039382570667
2014,10014,17.71507477552536
2014,11422,17.67935816835049
2014,11367,17.650755029812014
2014,11368,17.563785724919484
2014,11697,17.45561658986674
2014,11428,17.429123907932464
2014,10036,17.413348225785633
2014,11415,17.351772157272563
2014,11436,17.33328054426382
2014,10312,17.119837825238488
2014,10003,17.09881041605568
2014,11249,17.08316175529133
2014,11421,17.061844863426213
2014,10004,17.043170264171888
2014,11219,16.985621052391394
2014,11217,16.972282313677663
2014,10475,16.921003823516852
2014,10048,16.91833481718898
2014,11370,16.89623029407963
2014,10022,16.8204130922086
2014,11103,16.772086789343174
2014,11212,16.76071679515964
2014,10013,16.754715445102352
2014,10010,16.686599346963284
2014,11104,16.68179302273204
2014,10006,16.640476391856605
2014,10044,16.63298919130823
2014,11209,16.45373367906055
2014,10009,16.349063852599567
2014,10461,16.343979843878486
2014,10033,16.254098779666155
2014,10314,16.243977784904434
2014,10110,15.953315972222223
2014,11203,15.928601952954107
2014,11692,15.893546677758605
2014,10011,15.854301015769163
2014,11237,15.823734956836544
2014,10027,15.800221158007703
2014,11419,15.77080337855848
2014,11225,15.766130438963089
2014,11429,15.754359509523283
2014,11102,15.675741338194312
2014,11224,15.62803734526948
2014,10308,15.626758139960303
2014,10015,15.615127314814815
2014,11106,15.580353862367796
2014,10469,15.540163307309587
2014,10031,15.53061147274543
2014,10465,15.400469213589224
2014,10026,15.389730145633582
2014,11691,15.361478171006299
2014,11206,15.188113191450592
2014,10021,15.135236376773314
2014,11226,15.064601066136756
2014,10280,15.029326875086056
2014,11366,15.0255418301003
2014,10035,14.856000852337763
2014,10306,14.847549813879517
2014,10462,14.760896677609571
2014,11239,14.372080764088448
2014,10464,14.36196050980059
2014,11213,14.282539317071983
2014,10459,14.097749622071182
2014,10470,13.964603558667191
2014,10025,13.923589024768127
2014,10034,13.797319383069789
2014,10030,13.6413742777568
2014,10005,13.564194187656327
2014,10453,13.344175687506677
2014,10467,13.330727821838025
2014,10474,13.31755855387869
2014,10452,13.203935482837906
2014,10038,13.061119422210254
2014,10460,13.039719924469075
2014,10473,13.034321730038144
2014,10454,13.01430766279592
2014,10024,13.00653203863614
2014,10472,12.996955347232916
2014,10039,12.980215278115285
2014,10456,12.905740419675029
2014,10305,12.897851199817445
2014,10457,12.890800335247558
2014,10468,12.858077126979213
2014,10471,12.839585659342864
2014,10309,12.818428649462188
2014,10310,12.570846404071212
2014,10023,12.545751204930827
2014,10458,12.533911635824225
2014,10029,12.456808716715335
2014,10466,12.186595466205679
2014,10037,12.179497245365388
2014,10455,12.12922296149651
2014,10304,11.991779747178272
2014,10167,11.981755401234567
2014,10307,11.826076656526736
2014,10301,11.821720291417579
2014,10112,11.581317340067342
2014,10040,11.473016289343844
2014,10302,11.47036791975724
2014,10451,11.327241459065146
2014,11242,11.100720486111111
2014,10463,10.270795752178724
2014,10303,9.863212030397941
2014,10041,8.746881944444445
2014,10103,6.495212742504407
2014,11359,5.641094576719576
2014,11241,5.2033238636363635
2014,10173,5.184027777777778
2014,10104,3.930011574074074
2014,10271,2.520474537037037
2014,10118,1.54375
2014,10158,0.106875
2014,10165,4.398148148148148E-4
2014,10115,1.5046296296296297E-4
2014,10177,5.787037037037037E-5
2015,10165,365.33277006172835
2015,10119,50.1422685185185
2015,10110,46.54616898148148
2015,11426,43.60862832976695
2015,10167,43.308113425925924
2015,10122,43.21069444444444
2015,11430,37.20258549063945
2015,11414,36.69961318942453
2015,11364,35.89125485892738
2015,11357,34.758052753993695
2015,11358,34.43883229948287
2015,11361,34.26110202982855
2015,11379,33.73863227241785
2015,11428,32.414951358799364
2015,11229,32.027670923792535
2015,10069,31.844615856786874
2015,11365,30.495469553136022
2015,11427,30.04535003114227
2015,11378,29.910218699346782
2015,11362,29.217434748427614
2015,11420,28.473289934890648
2015,11419,27.889465765455878
2015,11412,27.7771490581533
2015,11234,27.436428798486165
2015,11360,27.09049261963197
2015,11413,26.61142827524842
2015,11363,25.90257464693233
2015,11355,25.758466716375285
2015,11004,25.290603219653793
2015,11235,25.265225241000145
2015,10162,25.230993609098224
2015,11228,25.059921521311278
2015,11422,24.939006804610464
2015,11223,24.771723200398682
2015,11354,24.599044099439528
2015,11105,24.284258314993494
2015,11423,24.23735014934296
2015,11369,23.985226237717203
2015,11433,23.91063933080188
2015,11411,23.850247969553976
2015,11231,23.625270754789305
2015,11204,23.480969973438356
2015,11370,23.325559804183374
2015,11436,23.287205825831354
2015,11356,23.234428810601806
2015,11429,23.02305001232847
2015,10044,22.799417151311104
2015,11220,22.728946224585748
2015,10281,22.649123022762343
2015,11219,22.368213733009696
2015,11210,22.34860500388521
2015,11434,22.308599072418737
2015,11215,22.22508010146391
2015,11432,22.164869038639363
2015,10280,21.990178467613873
2015,11417,21.945894073115547
2015,11691,21.90343854230524
2015,11385,21.821151949126353
2015,10007,21.780541930808404
2015,11236,21.634812136483443
2015,11230,21.545081421045694
2015,11241,21.528454034391537
2015,11418,21.27110458688715
2015,11416,20.745978012849175
2015,11375,20.655459821311396
2015,10012,20.14664217433169
2015,11249,20.06963525935057
2015,10006,20.068365957388668
2015,10002,20.019280742330913
2015,11421,19.94390400548416
2015,11373,19.89260084663079
2015,10021,19.74858994827361
2015,11692,19.747955458634475
2015,11367,19.644347593146698
2015,11372,19.62645510982289
2015,11694,19.586919380882875
2015,10282,19.55819125805967
2015,10004,19.481494424532084
2015,11209,19.428023736220176
2015,11208,19.42095433690269
2015,11435,19.36702210386036
2015,11242,19.310185185185183
2015,11377,19.195116430268413
2015,10014,19.12142319619786
2015,11214,19.0293790927546
2015,10016,18.958639722331945
2015,10001,18.727590333959213
2015,10028,18.615485484332876
2015,10020,18.602069151912904
2015,10018,18.531204494315233
2015,11218,18.44800301358135
2015,11103,18.426729169162563
2015,11102,18.416456470854822
2015,11203,18.35781416746589
2015,11222,18.29347832957876
2015,10022,18.26996230404954
2015,11232,18.254287033944212
2015,11207,18.070645964082864
2015,11233,17.995679275248094
2015,11221,17.919403948335642
2015,10013,17.919319354500473
2015,11201,17.85930183323628
2015,11368,17.828450371968998
2015,10011,17.79863370692283
2015,11212,17.790918183564166
2015,11217,17.7477419520735
2015,11238,17.697407274157904
2015,11106,17.563662607711816
2015,10036,17.29498955291392
2015,10019,17.262626491616867
2015,11415,17.122521520479125
2015,10037,17.059695909771705
2015,10153,17.044763454861112
2015,11374,16.999508667051842
2015,11101,16.992081573649187
2015,10026,16.92715991744518
2015,10103,16.797968474426803
2015,11693,16.71063284811578
2015,10128,16.692993013136803
2015,10023,16.555110216387643
2015,10010,16.543270592778974
2015,11211,16.512068461270385
2015,10003,16.45177644397312
2015,11213,16.41686470891862
2015,11216,16.389586880846764
2015,11366,16.323128236123065
2015,10024,15.936286508903851
2015,10475,15.909484626062433
2015,10017,15.809164378041116
2015,11205,15.76959556580992
2015,10465,15.768354387332575
2015,10461,15.738247699597792
2015,11697,15.720646885521894
2015,11104,15.660164239605605
2015,10306,15.658991925386667
2015,11225,15.404091803319966
2015,10048,15.366193639291463
2015,10032,15.163939719865548
2015,10464,15.148116597667375
2015,10034,15.094056237332548
2015,11237,14.955613330503997
2015,10009,14.917447573591
2015,11224,14.787260184607478
2015,11206,14.679287679270804
2015,10469,14.552473761510432
2015,10027,14.417673903362813
2015,11226,14.176304792558149
2015,10031,14.163510296346738
2015,10005,14.021628856025695
2015,10025,14.01077368309568
2015,10474,13.999302572480822
2015,10039,13.891816246948277
2015,11239,13.824275166311631
2015,10471,13.8169811893726
2015,10305,13.809710547750266
2015,10038,13.630149292338865
2015,10035,13.589850737690725
2015,10473,13.576244833359628
2015,10033,13.566591609281476
2015,10312,13.036345359100757
2015,10310,13.032616313678488
2015,10462,12.51745287011547
2015,10030,12.494977766461604
2015,10466,12.492336822681834
2015,10459,12.457216145507653
2015,10454,12.446325902504253
2015,10472,12.428080479881302
2015,10457,12.276458655671485
2015,10314,12.243718751982863
2015,10029,11.907823827203934
2015,10309,11.808098403876045
2015,10453,11.747713861987858
2015,10301,11.702251648510229
2015,10455,11.677472558299382
2015,10040,11.668567566615904
2015,10458,11.589782990980714
2015,10470,11.511665496364426
2015,10460,11.480206717224764
2015,10467,11.456828252245339
2015,10307,11.451786100024348
2015,10452,11.29733963551979
2015,10308,11.21375648088144
2015,10302,11.211876858087578
2015,10111,11.200425221417069
2015,10451,10.996345135686404
2015,10456,10.963382738092454
2015,10303,10.954851344277701
2015,10468,10.801933628477347
2015,11109,10.705561466474128
2015,10463,10.550422914685141
2015,10107,10.322777777777777
2015,10304,10.257228913192638
2015,10123,10.070034722222223
2015,10112,8.69327300785634
2015,11371,6.053694125159643
2015,10041,5.415717066498316
2015,10105,4.124305555555556
2015,11359,3.4034179131054136
2015,10173,2.56875
2015,10118,2.092881944444445
2015,10169,0.39577546296296295
2015,10174,0.0
2015,10279,0.0
2016,10055,211.61884837962964
2016,10271,98.82694444444445
2016,10155,90.62191137566137
2016,10153,84.1246730324074
2016,10168,63.84614197530862
2016,11426,60.93273693607502
2016,10154,46.93648258377426
2016,11427,44.6958733865976
2016,11697,38.54877324623351
2016,10123,37.33823343079922
2016,10278,35.35181433588762
2016,11229,35.01134548898063
2016,11004,34.278578469852796
2016,11363,32.997729453327565
2016,11428,32.01465118349565
2016,11361,31.65239494495964
2016,10166,31.439658564814817
2016,11357,30.242161057761184
2016,11430,30.0644324352548
2016,11362,30.03487857424302
2016,11358,29.82539412310287
2016,10021,29.094992810829407
2016,11414,28.139843040010533
2016,11364,27.57877943430525
2016,11235,27.29806215276633
2016,11379,27.19646218063604
2016,11239,25.792765408538337
2016,10158,25.26060185185185
2016,11429,24.752601747526395
2016,11370,24.547506012593438
2016,11422,24.268208270450703
2016,11360,24.138720956459863
2016,11412,24.04888582177374
2016,11365,23.977740216267982
2016,11419,23.47701944447915
2016,11423,22.90619157194383
2016,11355,22.85276491769549
2016,11411,22.835036677935456
2016,11413,22.690345270905024
2016,11204,22.37811353006092
2016,11223,22.300706953377436
2016,11694,22.083430089440952
2016,10041,21.986117380401236
2016,11420,21.953704201485095
2016,11432,21.927454253362868
2016,10165,21.86505787037037
2016,11228,21.820344584943033
2016,10171,21.571770833333332
2016,11418,21.49141059402403
2016,11356,21.294638823385455
2016,11230,21.290258272293467
2016,11215,21.184221846284977
2016,10007,21.058095799497515
2016,11369,21.057959050675173
2016,11234,20.985867668482193
2016,10105,20.876334325396822
2016,11105,20.825463411702657
2016,10044,20.539047120320046
2016,11354,20.44670863388189
2016,11417,20.28880606435937
2016,11109,20.276184875832048
2016,11433,20.17789635979912
2016,11375,20.00899458656176
2016,11378,19.78693382075923
2016,11231,19.657085464827585
2016,10306,19.47944011869574
2016,11222,19.13720536936746
2016,11385,19.02911101799852
2016,11435,18.89389726981334
2016,11434,18.675947656024427
2016,11218,18.487212520676955
2016,11367,18.31080420592737
2016,11220,18.174733094956043
2016,11415,18.141322541352796
2016,11421,18.141120355206855
2016,11436,18.119143077045276
2016,11219,18.114701427164384
2016,11372,18.11354493840803
2016,11104,17.8328020873782
2016,10310,17.80221728668382
2016,11373,17.763753364455624
2016,11693,17.622024719744832
2016,11214,17.473699837646507
2016,11691,17.394100847846698
2016,11203,17.31166556849122
2016,11416,17.10845850979183
2016,11374,16.910357362411176
2016,11209,16.781379894397233
2016,11102,16.781350885880823
2016,11236,16.74494050808536
2016,10281,16.666263354700853
2016,11106,16.65572806094603
2016,11103,16.5097032523891
2016,10002,16.44545563223584
2016,11692,16.43569782343104
2016,11366,16.37308515097997
2016,11210,16.34084852633207
2016,11201,16.32793943520855
2016,11377,16.1955853800096
2016,10012,16.175530350637494
2016,11232,16.018977955443066
2016,11237,16.018694943939696
2016,11217,15.924866316991258
2016,11208,15.511329360494804
2016,11249,15.510066327566612
2016,11238,15.205458506216404
2016,11206,15.175699827071874
2016,10013,15.090249296190867
2016,10069,15.080355566322126
2016,10464,14.873437841776974
2016,11221,14.827921488723533
2016,10280,14.734668722481217
2016,10307,14.720214651182987
2016,10279,14.489263888888889
2016,11211,14.47509557238208
2016,10019,14.435767915161534
2016,10022,14.42899877675086
2016,10110,14.326705653021442
2016,10014,14.27455473856215
2016,10028,14.243892401021672
2016,11233,14.11998865180276
2016,10011,13.962630952444139
2016,10018,13.899364661096692
2016,11207,13.862979178269638
2016,10016,13.81159591597617
2016,11101,13.724370006253874
2016,10003,13.719161514619238
2016,11368,13.676687327280645
2016,11216,13.614822161708346
2016,10026,13.461834111141526
2016,10167,13.45265625
2016,11213,13.43935740437278
2016,10469,13.366263463895953
2016,11212,13.363396925770852
2016,10009,13.358964149948761
2016,10128,13.340846309492392
2016,10461,13.329647070611058
2016,10032,13.205694119907497
2016,11225,13.139204964536473
2016,10304,13.133453909915433
2016,10017,13.103357938579478
2016,10103,13.095282337261503
2016,10010,12.878858274259116
2016,10465,12.855959801687696
2016,10027,12.831068316723405
2016,10034,12.762215146183927
2016,10312,12.752118666778172
2016,11224,12.734461858619474
2016,10309,12.682019532695682
2016,10470,12.384749277118718
2016,10455,12.313297021494181
2016,10025,12.29251289682541
2016,11226,12.248946201396437
2016,10001,12.224269729217243
2016,11205,12.1730949766997
2016,10033,12.110747993376364
2016,10458,12.064814152200936
2016,10305,11.922770111451586
2016,11241,11.78852798821549
2016,10452,11.718139389129895
2016,10459,11.710646181818452
2016,10301,11.69662410932405
2016,10036,11.655052044689866
2016,10453,11.576117418881934
2016,10308,11.547438750421913
2016,10474,11.392430253831133
2016,10473,11.387401275981738
2016,10031,11.359824694087719
2016,10023,11.351021227058114
2016,10029,11.329360319987059
2016,10024,11.30545513483625
2016,10460,11.294341051322432
2016,10463,11.28176327366296
2016,10454,11.275061166700459
2016,10037,11.274692227678841
2016,10462,11.242528632097075
2016,10466,11.213895966586055
2016,10451,11.168473392153029
2016,10314,10.934349858287836
2016,10468,10.73336472354848
2016,10302,10.607827154159041
2016,10004,10.556167701350827
2016,10456,10.546567699687595
2016,10030,10.491057424021855
2016,10467,10.404384081476078
2016,11371,10.345982460826209
2016,10457,10.225476006717132
2016,10040,10.088746556702851
2016,10303,10.026662484373842
2016,10035,9.829631177372052
2016,10039,9.818015836569916
2016,10475,9.788074033778878
2016,10170,9.71741266835017
2016,10176,9.624030092592593
2016,10471,9.61272129953723
2016,10038,9.493610722991509
2016,10112,9.481217494089835
2016,10472,9.42169810985744
2016,10006,9.265153818367414
2016,10020,8.4501726077858
2016,10282,8.433727475371002
2016,10172,8.016617063492063
2016,10005,7.8297950365641
2016,10162,7.598279888344226
2016,10118,7.413451338566827
2016,10121,7.241379198966407
2016,10169,7.1319948743386234
2016,10173,7.0940007716049385
2016,10151,5.441061921296296
2016,10119,5.420403599163679
2016,10106,4.608936237373738
2016,10111,4.375741631054131
2016,10107,3.735210648148149
2016,10174,3.305257523148148
2016,10045,3.142925347222222
2016,11242,2.2496238425925927
2016,10120,1.9320949074074076
2016,10048,1.5124710648148147
2016,10177,1.424279513888889
2016,11359,0.49654224537037045
2016,10178,0.26687500000000003
2016,10122,0.17327546296296295
2016,10115,0.14769483024691357
2017,10175,86.850625
2017,10155,55.36552517361111
2017,10012,49.86080373948476
2017,10271,48.92584899237473
2017,10153,46.11631365740741
2017,10118,41.0685318287037
2017,10154,40.728631172839506
2017,10172,39.10616139846743
2017,10007,32.084304840452546
2017,10170,31.234366319444447
2017,10121,30.89839953703703
2017,11430,27.869769152512387
2017,11371,27.096210227272728
2017,11241,26.37698688271605
2017,10270,24.655949074074073
2017,11365,24.401170398826736
2017,10171,24.186312500000003
2017,11697,23.3020840627918
2017,10105,22.84262030945419
2017,11004,22.734969978120475
2017,11358,22.136657667062753
2017,11426,21.848162816649808
2017,11364,20.634770311867605
2017,10104,19.779641203703704
2017,10176,19.10335185185185
2017,11428,18.983558691590762
2017,11360,18.601634877076865
2017,11363,18.57108153589729
2017,11361,18.486577265043316
2017,11357,18.378936050849425
2017,11427,18.26397785039945
2017,11362,17.999142809535442
2017,10167,17.90703282828283
2017,11694,17.516046399566967
2017,11355,17.225540185310948
2017,11204,17.16696199534948
2017,11414,16.912008660110263
2017,11423,16.767154772524233
2017,11219,16.59732666279837
2017,11375,16.51941625492121
2017,10165,16.346233393719807
2017,11215,16.138200103854132
2017,10021,15.943667866872643
2017,11223,15.747870324129424
2017,11429,15.54004804433071
2017,10173,15.406461574074076
2017,11218,15.336156461449372
2017,11422,15.135131325033482
2017,11415,15.088426240692298
2017,11354,15.082427121467864
2017,11691,14.873514667349442
2017,11228,14.72632769675921
2017,11432,14.712840280261448
2017,11418,14.667478232025907
2017,11412,14.621441354379034
2017,11367,14.576211538305234
2017,11417,14.549686538251326
2017,11220,14.545524750819162
2017,11374,14.393685118877357
2017,10461,14.36432855734117
2017,11105,14.278205264593973
2017,11232,13.908585976575353
2017,11368,13.86250231856242
2017,11356,13.631465171647413
2017,11373,13.539913763712045
2017,11234,13.496839261057104
2017,11370,13.461179966976369
2017,11229,13.456315062159225
2017,11103,13.366943162259105
2017,11230,13.362975337317753
2017,11214,13.312710099945859
2017,11231,13.288557475238722
2017,11419,13.254273345341469
2017,11433,13.232592686811207
2017,10279,13.125376009021842
2017,11411,13.107740032006017
2017,10469,13.080569720010967
2017,10123,13.077646377995643
2017,11210,13.065917973854619
2017,10003,13.063186870851903
2017,11369,13.052716122738932
2017,11434,13.020296730645274
2017,11216,13.009199460042842
2017,11436,12.98352560455126
2017,11102,12.920879959589447
2017,11242,12.859153806584361
2017,11206,12.797754104357239
2017,11221,12.795899405827523
2017,10026,12.708696884726784
2017,10010,12.702355577487342
2017,11239,12.6827720087689
2017,11235,12.679858942333402
2017,11224,12.605835277942761
2017,11101,12.601453892755814
2017,10459,12.554709148657718
2017,10044,12.542964777425869
2017,11420,12.53486559743254
2017,11435,12.478892473958034
2017,11201,12.450381638173587
2017,11217,12.402754921814642
2017,10001,12.40234465952698
2017,11207,12.377892815411611
2017,10455,12.340481159838637
2017,11203,12.315816075772679
2017,10069,12.314168162468624
2017,10464,12.312292526279585
2017,11385,12.286099557899727
2017,10022,12.27730172911972
2017,11413,12.265975364629433
2017,11377,12.225122544335694
2017,11238,12.191606225851004
2017,10475,12.185440723026835
2017,11222,12.123337651188958
2017,11693,12.098886271831494
2017,11379,12.069221273291955
2017,10474,12.068373257675518
2017,11378,12.063498347305693
2017,11237,12.01945454449232
2017,11421,11.988402009561025
2017,10106,11.96958491161616
2017,10453,11.939076610320964
2017,11233,11.894701417546568
2017,10018,11.82089066175976
2017,11209,11.794221948357619
2017,10014,11.753138896350015
2017,10169,11.741736754115228
2017,11236,11.622573632413308
2017,10460,11.597030115925465
2017,11208,11.583384565800316
2017,10110,11.565927028218695
2017,11211,11.531459572415484
2017,10456,11.530445338047148
2017,10304,11.48297835360798
2017,11372,11.476474804024289
2017,10037,11.376388628966314
2017,10452,11.28257130411279
2017,11104,11.240458395409746
2017,10019,11.235145822658712
2017,10470,11.22535455908065
2017,10002,11.205478147618662
2017,11212,11.164519536340645
2017,10020,11.14251422268664
2017,11106,11.126719654466955
2017,11692,11.094817913115008
2017,11205,11.011752149650572
2017,10457,11.008596993686723
2017,10462,10.968188265142311
2017,10013,10.897761756432468
2017,10451,10.879227693463609
2017,10465,10.845242791256041
2017,10028,10.831904461150064
2017,10310,10.829297082204732
2017,10011,10.750543341489715
2017,11249,10.63040974017646
2017,10005,10.629094506452567
2017,10466,10.628148332974853
2017,11416,10.562004271185506
2017,10035,10.553727690599551
2017,10306,10.510491686237268
2017,10458,10.465482568216503
2017,10471,10.375234563062207
2017,10307,10.338069852941167
2017,10454,10.308181577332338
2017,10312,10.304029698192721
2017,11225,10.235277618490866
2017,11213,10.127157351330627
2017,10302,10.123942553076311
2017,10034,10.05015603471869
2017,10463,10.047914795610714
2017,10128,10.041899441121872
2017,10467,10.039098570191715
2017,11226,10.036818241674453
2017,11109,10.02426005627634
2017,10006,9.99910779065004
2017,10024,9.970522125358983
2017,10027,9.930924702190259
2017,10301,9.906082441673655
2017,10016,9.877725046478258
2017,10025,9.80707579705462
2017,10009,9.79741993076262
2017,10473,9.72532408311476
2017,10468,9.672231869874881
2017,10030,9.611854865503334
2017,10045,9.610714699074073
2017,10023,9.531975919689238
2017,10309,9.520740050922651
2017,10168,9.510185613854595
2017,10039,9.505546289285979
2017,10278,9.439414275956283
2017,10158,9.422259837962962
2017,10036,9.393680299869091
2017,10103,9.333234953703704
2017,10033,9.316495766540424
2017,11366,9.28427933908119
2017,10111,9.192235510973935
2017,10032,9.174952148003607
2017,10314,9.167666356631283
2017,10031,8.983674623598795
2017,10038,8.945492081881724
2017,10472,8.90744916053473
2017,10282,8.882705360756933
2017,10017,8.790455757144018
2017,10303,8.740089630306763
2017,10004,8.332152843539559
2017,10308,8.286580598123836
2017,10305,8.211823930946693
2017,10151,8.190005260942762
2017,10120,8.144336192810457
2017,10280,7.898789172350858
2017,10029,7.630986631385578
2017,10040,7.579260723543157
2017,10122,7.4636831275720175
2017,10041,7.07865234375
2017,10119,7.038507123887452
2017,10152,7.008664717348928
2017,10281,6.579737606395216
2017,10162,6.547553918247517
2017,11359,6.4699895282186946
2017,10055,6.0089351851851855
2017,10177,5.217286522633744
2017,10178,4.374079861111112
2017,10115,3.9932685185185184
2017,10112,3.7683596850198398
2017,10107,1.4710865162037037
2017,10166,0.9133680555555556
2017,10048,0.5577777777777778
2017,10174,0.07192791005291006
2018,10175,72.0613773148148
2018,10055,68.96084297839506
2018,11371,59.70805872909201
2018,11430,49.25195848765431
2018,10111,44.37573640046296
2018,10007,40.082441967893345
2018,10167,38.71636766975308
2018,10168,37.47322638888889
2018,10153,34.97480324074074
2018,10152,29.797562499999998
2018,10281,28.834453054426376
2018,10172,28.06597436556927
2018,10176,27.606689814814818
2018,10115,26.616041666666668
2018,11241,24.71440856481481
2018,10119,24.33177164351852
2018,10177,23.785795717592595
2018,10112,22.776158854166667
2018,10106,22.493162294238683
2018,11697,22.47303369853917
2018,10165,21.17522541887125
2018,11004,20.955540760702647
2018,10003,19.583389158952773
2018,10174,18.9690625
2018,10041,18.652046810699588
2018,10151,18.183607750896055
2018,10105,17.186659259259258
2018,10118,16.998439814814816
2018,11359,16.92332523148148
2018,10155,16.329126461988306
2018,10310,16.23558297616207
2018,10020,16.172169693732194
2018,11362,15.708998333658284
2018,10017,15.703014413103562
2018,10280,15.670405994754267
2018,11363,15.58762254715304
2018,10069,15.379477430555555
2018,11426,15.334784099746928
2018,10026,14.336080980581675
2018,10018,14.20590317451453
2018,11693,14.115450051356214
2018,11357,13.571523775048911
2018,11364,13.54425790086647
2018,10122,13.317059027777779
2018,10012,13.312006582534773
2018,10475,13.210809478711571
2018,10022,13.178702523852136
2018,10036,13.09475497207
2018,10110,13.093937757201648
2018,10021,13.03960585941751
2018,10002,12.8466096495943
2018,11694,12.820602626068599
2018,11365,12.772004290762716
2018,11427,12.746765630909476
2018,10171,12.72775132275132
2018,11358,12.66346872694922
2018,10001,12.619632863773003
2018,11242,12.572700844226581
2018,11361,12.569841371742466
2018,11360,12.312339680769574
2018,10010,12.04144967785703
2018,11106,12.029297308831676
2018,11354,12.02328000568511
2018,10016,12.020494073509408
2018,10009,12.011255776309703
2018,10044,11.94679753637566
2018,10019,11.81574541157006
2018,10451,11.80420149820984
2018,11375,11.777825515619647
2018,10121,11.64593271072797
2018,10455,11.609193077747443
2018,10459,11.506385720042603
2018,10004,11.491455960648166
2018,10169,11.471859931865827
2018,10453,11.391435963152327
2018,11204,11.311807873728396
2018,10013,11.311058673945746
2018,10452,11.290823050794764
2018,11691,11.224663869210742
2018,10011,11.218467890502984
2018,11415,11.156534779638745
2018,11218,11.150158039311618
2018,11222,11.054668236944314
2018,11201,11.023185810673198
2018,10282,11.009882159595207
2018,10474,10.986668185257253
2018,11229,10.984192226056969
2018,11234,10.96327876213863
2018,10456,10.8785334446725
2018,11104,10.856358758534808
2018,11105,10.81294695131246
2018,11692,10.809173307165409
2018,11103,10.756766111727856
2018,10162,10.716170101553166
2018,10014,10.71142492732096
2018,11232,10.70979505080166
2018,11220,10.682792815225719
2018,11428,10.666903180703232
2018,11230,10.579507478936561
2018,10006,10.537271315199064
2018,11374,10.529904834430216
2018,11239,10.515153863939428
2018,11203,10.489728358307666
2018,11367,10.486837448322397
2018,10468,10.472816347245866
2018,11369,10.43351178922308
2018,10032,10.40623206099753
2018,11422,10.39457507909777
2018,10024,10.366284015836484
2018,11355,10.340468416922949
2018,10025,10.285824322905246
2018,10302,10.265693813923013
2018,11221,10.22771444173737
2018,11429,10.221929168479843
2018,11215,10.156370150286557
2018,11414,10.13115072145062
2018,11217,10.049980636024108
2018,11219,10.029337168315976
2018,11231,10.026788998981568
2018,11237,10.01112043138658
2018,11208,9.993699053333383
2018,11223,9.981701675206127
2018,11372,9.954971111169666
2018,11216,9.941508745302514
2018,10458,9.939909837428468
2018,10005,9.938630779936378
2018,11211,9.916000068217576
2018,11423,9.911075797751398
2018,10457,9.89860976521546
2018,11235,9.895393963015463
2018,10170,9.878940329218105
2018,10460,9.87694562887281
2018,11210,9.87016984309082
2018,11224,9.859370888271902
2018,10028,9.803502554552159
2018,11207,9.803196758157164
2018,10304,9.796548796626485
2018,11411,9.792563642469258
2018,11413,9.774117835476288
2018,11432,9.757085188370562
2018,10023,9.7413890335331
2018,11212,9.696976976184194
2018,10306,9.69404058184327
2018,10128,9.662069690369124
2018,10123,9.608478284832453
2018,10307,9.584265153205411
2018,11238,9.55291145649282
2018,11228,9.524989642993472
2018,10471,9.45244350072714
2018,11233,9.400662963460139
2018,10467,9.400099541213226
2018,10469,9.393700473339393
2018,11101,9.382647084309482
2018,11109,9.382583927848614
2018,10461,9.378233067360538
2018,11213,9.363279000853401
2018,10312,9.357154762495648
2018,11356,9.351336007254453
2018,11214,9.329247079867427
2018,10462,9.326810612723287
2018,10301,9.323676561925895
2018,11102,9.3071773672096
2018,10454,9.295399400243479
2018,10178,9.241646412037037
2018,11377,9.2258809953021
2018,10463,9.165958794498575
2018,10037,9.146601372730274
2018,10027,9.13456380315692
2018,10314,9.095818322835873
2018,11385,9.08413149136572
2018,11249,9.038608897755536
2018,11412,9.032366650689594
2018,11433,9.017289158416537
2018,10308,8.997127445257286
2018,11379,8.994458281697693
2018,11370,8.95567127031052
2018,11434,8.93901012714124
2018,11206,8.937782881932156
2018,11378,8.909276044997807
2018,10464,8.852273614526228
2018,11225,8.833623942360393
2018,11419,8.816251656164049
2018,10035,8.789479818089847
2018,11418,8.764668949647076
2018,10034,8.6830788099633
2018,10466,8.652874876182622
2018,11373,8.622806590571408
2018,11435,8.60294060646849
2018,11417,8.586028620474382
2018,10038,8.537197259850556
2018,11236,8.517979696798859
2018,11209,8.509300085695351
2018,11421,8.4930301455624
2018,11205,8.474820347327656
2018,10030,8.439712616257248
2018,10033,8.42840719886842
2018,11420,8.42371399816199
2018,10470,8.393062134040083
2018,11436,8.388610759417897
2018,10039,8.383717965984484
2018,10303,8.38016593289785
2018,11368,8.291632035205804
2018,10465,8.19080969450496
2018,11226,8.138380280530527
2018,10305,8.127597125897024
2018,10029,7.9001180724857045
2018,10472,7.8932244419946365
2018,10278,7.886383353462158
2018,11416,7.866039588284812
2018,10473,7.76572897811433
2018,10309,7.587930487424248
2018,10031,7.511235688356824
2018,10107,7.284786844135803
2018,11366,6.817904651237658
2018,10040,6.497769585227224
2018,10271,6.408381799768518
2018,10154,4.935572471509971
2018,10158,4.588592096560847
2018,10279,3.537937885802469
2018,10103,3.0227620701058204
2018,10048,2.9677102623456793
2018,10045,2.894791666666667
2018,10120,2.263013545953361
2018,10173,0.8116689814814816
2019,10111,39.73891782407407
2019,10154,32.313279320987654
2019,11371,30.834522058823524
2019,11430,25.671060025542765
2019,10121,19.650210262345674
2019,10168,18.35292619825708
2019,10279,17.753498263888886
2019,10278,16.52794337606837
2019,10119,16.422362557870372
2019,10158,16.2695916005291
2019,10110,15.477534722222222
2019,10281,15.086152955840454
2019,10153,13.923171296296296
2019,11242,13.815500992063491
2019,10041,12.19736111111111
2019,10155,11.69650462962963
2019,10069,10.938804178639849
2019,10271,10.59835005144033
2019,10280,10.43162779524808
2019,10475,10.086186284414214
2019,10009,9.791059187865715
2019,10003,9.507639818445048
2019,10105,9.467350260416666
2019,10026,9.416504367883773
2019,10177,9.336581307870372
2019,10451,8.731759836102169
2019,10018,8.605434522737177
2019,10310,8.506166378609459
2019,10468,8.472679915914718
2019,10017,8.420923705166805
2019,10456,8.375822102894618
2019,10025,8.323752157620412
2019,10453,8.201914589237765
2019,10123,8.199522306397306
2019,10002,8.096256732417027
2019,10176,8.049600694444445
2019,10036,8.009691528779936
2019,10452,7.97773714118923
2019,10044,7.967488158317283
2019,10172,7.887411265432099
2019,11697,7.714388181584364
2019,10118,7.6742266414141405
2019,10165,7.627753577441078
2019,10457,7.617824517528145
2019,10012,7.590542074825228
2019,10459,7.435447282463019
2019,10013,7.397682902484412
2019,10458,7.389770519684465
2019,10022,7.368025405776859
2019,10011,7.273151924347219
2019,10007,7.26902548820013
2019,10455,7.13923564942956
2019,10467,7.126094421241644
2019,10460,7.043066407838917
2019,10016,7.026369586054496
2019,10037,6.969563000387614
2019,10001,6.9591254702105765
2019,11237,6.944189966059377
2019,10030,6.918377019471901
2019,10033,6.850725919445141
2019,10010,6.827158496732037
2019,10039,6.806824183019747
2019,10019,6.737174090878436
2019,10021,6.66697797582659
2019,10032,6.607862710027523
2019,10031,6.541420294150845
2019,10034,6.533278578287769
2019,10027,6.479272083354138
2019,11211,6.341975826420316
2019,11207,6.312247857580697
2019,10024,6.294637501633816
2019,11691,6.2467173105686005
2019,10014,6.2032570462997745
2019,10040,6.182335751076034
2019,11220,6.105604645217697
2019,11222,6.101779687792292
2019,11228,6.100245574088491
2019,11239,6.098838525177141
2019,11203,6.096142918312089
2019,11221,6.094447434633261
2019,10023,6.089047261553946
2019,11212,6.058845005300437
2019,11229,6.0260212085505245
2019,11354,6.012977717964095
2019,11693,6.004883520337402
2019,10004,6.00082748431247
2019,10128,5.995299113437013
2019,10454,5.988979071664249
2019,11363,5.949675525174801
2019,11109,5.92449833622685
2019,10167,5.918402777777778
2019,11206,5.908557770387276
2019,11216,5.907343437795538
2019,10282,5.905589874031005
2019,11692,5.9044078122918355
2019,10466,5.8994008079593945
2019,10472,5.871689186882105
2019,10028,5.83920520435829
2019,10304,5.837478708185111
2019,10474,5.834239971709527
2019,10029,5.813807718149579
2019,10463,5.811814661376928
2019,10462,5.7787949664655285
2019,11362,5.7735189882260025
2019,11004,5.766768440381312
2019,11213,5.732725666033588
2019,11364,5.7318362121705
2019,11233,5.6855601386188335
2019,11422,5.647989583056251
2019,11426,5.627257890857433
2019,11234,5.546015270383641
2019,10173,5.522215608465609
2019,11372,5.519253350132825
2019,11428,5.516833130589421
2019,10038,5.505858607845986
2019,11226,5.5021285297278695
2019,11224,5.499691408128894
2019,11102,5.490322392020838
2019,10035,5.489872042802792
2019,11219,5.484106975723123
2019,11415,5.475704076702985
2019,10162,5.470868055555555
2019,10302,5.448860994155248
2019,11208,5.436699920795649
2019,11355,5.422368020887401
2019,11360,5.398530808441645
2019,11103,5.3958422441258325
2019,11375,5.3828747694924965
2019,11361,5.369526935569689
2019,11225,5.360156233667836
2019,10461,5.3586710324249225
2019,11204,5.352835898528525
2019,10171,5.351953125
2019,11215,5.346653998432047
2019,11205,5.329701766511789
2019,11358,5.324414755388519
2019,11412,5.302766714545583
2019,11235,5.295387964412784
2019,11210,5.275161344123902
2019,11249,5.255026198660059
2019,11359,5.240665064102566
2019,11217,5.238877263247171
2019,11429,5.234111205927982
2019,11373,5.219789996419794
2019,11106,5.197041357604212
2019,11238,5.1711052946929215
2019,11104,5.1594506084416745
2019,11435,5.155406916713883
2019,11223,5.15538499762669
2019,11433,5.146897811547029
2019,11236,5.127410214953485
2019,10469,5.124639498064912
2019,11418,5.123876737180802
2019,11413,5.102000793750714
2019,11218,5.0693500840538075
2019,10301,5.049440355776992
2019,11427,5.048009970077036
2019,10470,5.02173561507936
2019,11232,4.982892820559187
2019,11369,4.956981308336528
2019,11101,4.948619206456771
2019,11214,4.948399346065864
2019,11436,4.945273843972879
2019,11357,4.935172189005143
2019,10303,4.92686700000485
2019,11209,4.918735016925868
2019,11694,4.904013973376403
2019,11231,4.901956897734852
2019,11230,4.881434785401208
2019,10005,4.881046701844563
2019,11201,4.846767324638189
2019,11421,4.842327463426649
2019,10006,4.8412664800995
2019,11374,4.796994842342355
2019,11423,4.770203905858515
2019,11105,4.770050701194909
2019,10169,4.697492985409653
2019,11367,4.6925136858034335
2019,11414,4.675977985020364
2019,11368,4.629655634669476
2019,11379,4.613543953170509
2019,11411,4.608387996099056
2019,11385,4.574615036803728
2019,10471,4.499140538866477
2019,11365,4.43291331961066
2019,11432,4.4172156994590495
2019,11417,4.4024192029853175
2019,11416,4.381257191489771
2019,11434,4.3275576723097915
2019,10464,4.3180222475288765
2019,11377,4.307114404297651
2019,11419,4.275043706438586
2019,10020,4.16930324074074
2019,11370,4.166822860207772
2019,11420,4.111060176992177
2019,10306,4.101100282870208
2019,10473,4.061611177503021
2019,10305,3.9313629914859574
2019,11356,3.91983747615172
2019,10314,3.8911159496674137
2019,11378,3.8823081765469474
2019,10312,3.7677925662902645
2019,10465,3.714705584262475
2019,10151,3.6141182002314824
2019,10178,3.598580246913581
2019,10307,3.534862990819619
2019,10106,3.51681037808642
2019,10308,3.4204356349807217
2019,10309,3.367182615124628
2019,10055,3.129380787037037
2019,10107,3.0744618055555555
2019,10048,2.7839004629629627
2019,10115,2.420746527777778
2019,10112,2.0570193355119826
2019,10174,1.6800000000000002
2019,11366,1.3875066922176909
2019,10103,1.049546875
2019,10170,0.5735262345679012
2019,10152,0.31499652777777776
2019,10045,0.27563657407407405
2019,10120,0.2665812227668845
2019,10122,0.057692901234567905
2019,11241,0.0408130787037037
