10031,A2,94,108,150,154,191,188,234,168,139,65,14,42,4,37,-3,46,-66,-29,-74
11430,A3,8,9,4,4,8,15,9,7,1,"",1,-5,0,4,7,-6,-2,-6,""
10301,DM,4,3,7,10,10,10,9,3,6,1,-1,4,3,0,0,-1,-6,3,-5
10014,NB,"",1,3,4,2,1,3,4,2,2,"",2,1,-2,-1,2,1,-2,0
11359,A1,2,5,3,2,4,2,5,2,1,1,3,-2,-1,2,-2,3,-3,-1,0
10039,PA,4,3,"",4,2,1,"","",1,3,-1,"","",-2,-1,"","","",2
11237,A2,285,290,343,395,448,608,665,531,276,111,5,53,52,53,160,57,-134,-255,-165
11422,A2,16,11,18,6,19,10,18,22,8,3,-5,7,-12,13,-9,8,4,-14,-5
11214,A2,143,163,152,133,154,173,174,127,86,42,20,-11,-19,21,19,1,-47,-41,-44
11422,DM,"","",1,1,1,"","",1,"","","","",0,0,"","","","",""
11218,A3,67,111,110,75,83,129,118,96,23,22,44,-1,-35,8,46,-11,-22,-73,-1
10468,DM,1,1,4,6,11,8,7,13,2,"",0,3,2,5,-3,-1,6,-11,""
11423,NB,5,5,4,3,6,6,3,5,"",1,0,-1,-1,3,0,-3,2,"",""
10457,A1,11,10,9,7,11,10,10,7,2,"",-1,-1,-2,4,-1,0,-3,-5,""
10007,A3,61,56,61,64,68,84,84,79,23,9,-5,5,3,4,16,0,-5,-56,-14
11411,A2,38,25,53,47,52,106,227,94,16,9,-13,28,-6,5,54,121,-133,-78,-7
11413,PA,"","","",1,1,2,"",3,1,"","","","",0,1,"","",-2,""
10021,NB,1,2,4,2,2,1,"",1,1,"",1,2,-2,0,-1,"","",0,""
10032,A1,6,11,6,9,5,8,6,10,4,4,5,-5,3,-4,3,-2,4,-6,0
11692,A1,4,3,1,5,3,3,7,16,4,"",-1,-2,4,-2,0,4,9,-12,""
10471,DM,1,"",1,4,3,1,2,2,1,"","","",3,-1,-2,1,0,-1,""
10021,PA,6,14,9,5,7,14,2,4,10,3,8,-5,-4,2,7,-12,2,6,-7
10167,A1,4,1,2,2,3,3,6,3,6,1,-3,1,0,1,0,3,-3,3,-5
11218,A1,30,31,34,28,15,23,32,25,11,11,1,3,-6,-13,8,9,-7,-14,0
10456,NB,1,9,8,4,1,7,9,6,2,3,8,-1,-4,-3,6,2,-3,-4,1
11375,NB,"",9,6,5,3,5,3,9,3,"","",-3,-1,-2,2,-2,6,-6,""
10014,PA,8,13,9,4,7,8,1,10,7,5,5,-4,-5,3,1,-7,9,-3,-2
11221,PA,"",1,1,4,1,3,2,1,"","","",0,3,-3,2,-1,-1,"",""
11104,A3,50,50,50,50,50,57,56,36,13,10,0,0,0,0,7,-1,-20,-23,-3
10280,PA,"",1,"",4,1,2,3,2,"","","","","",-3,1,1,-1,"",""
10463,DM,"","",9,10,3,7,3,3,"","","","",1,-7,4,-4,0,"",""
10016,A2,222,234,249,261,261,301,297,292,287,128,12,15,12,0,40,-4,-5,-5,-159
11109,PA,1,1,1,8,3,4,7,6,4,"",0,0,7,-5,1,3,-1,-2,""
10027,A3,152,117,140,98,119,140,130,81,46,15,-35,23,-42,21,21,-10,-49,-35,-31
10025,A2,284,340,328,346,416,431,418,361,303,171,56,-12,18,70,15,-13,-57,-58,-132
11363,DM,9,"",2,5,2,5,6,3,1,"","","",3,-3,3,1,-3,-2,""
11433,A3,80,65,77,79,57,93,79,56,9,5,-15,12,2,-22,36,-14,-23,-47,-4
10461,A1,11,12,17,7,4,6,10,7,2,2,1,5,-10,-3,2,4,-3,-5,0
10467,NB,17,17,21,7,7,10,11,10,5,"",0,4,-14,0,3,1,-1,-5,""
11004,A1,17,12,19,14,22,8,18,8,2,"",-5,7,-5,8,-14,10,-10,-6,""
11222,PA,10,3,13,6,10,3,11,7,4,"",-7,10,-7,4,-7,8,-4,-3,""
10311,PA,"",2,3,1,"",1,"",2,"","","",1,-2,"","","","","",""
10312,A3,72,60,61,65,79,57,67,32,8,5,-12,1,4,14,-22,10,-35,-24,-3
10278,NB,1,"",2,1,"",1,1,4,"","","","",-1,"","",0,3,"",""
11216,NB,4,11,14,14,17,29,17,28,4,3,7,3,0,3,12,-12,11,-24,-1
11365,A2,83,81,67,51,80,81,119,99,43,26,-2,-14,-16,29,1,38,-20,-56,-17
11434,A2,51,82,93,69,81,113,221,156,50,29,31,11,-24,12,32,108,-65,-106,-21
11414,DM,5,2,"",4,3,1,2,2,1,"",-3,"","",-1,-2,1,0,-1,""
10460,A3,75,71,56,76,85,91,86,103,23,12,-4,-15,20,9,6,-5,17,-80,-11
10112,PA,2,"","","",4,1,1,2,2,"","","","","",-3,0,1,0,""
11104,DM,2,1,5,4,1,8,5,"","",2,-1,4,-1,-3,7,-3,"","",""
10470,DM,5,2,5,3,1,3,1,4,"","",-3,3,-2,-2,2,-2,3,"",""
11432,PA,8,6,"","",2,1,2,"",2,1,-2,"","","",-1,1,"","",-1
11370,A1,7,7,14,8,5,10,2,6,4,"",0,7,-6,-3,5,-8,4,-2,""
11222,A3,108,106,124,114,141,182,183,133,44,24,-2,18,-10,27,41,1,-50,-89,-20
11426,A1,30,27,25,24,31,26,25,14,2,2,-3,-2,-1,7,-5,-1,-11,-12,0
11364,PA,3,"","","",3,2,1,1,"","","","","","",-1,-1,0,"",""
10032,PA,4,8,4,3,3,1,9,2,2,"",4,-4,-1,0,-2,8,-7,0,""
10471,A3,31,27,22,26,16,41,35,23,6,3,-4,-5,4,-10,25,-6,-12,-17,-3
11207,A1,15,29,15,23,14,12,24,21,4,3,14,-14,8,-9,-2,12,-3,-17,-1
11429,A2,41,33,37,28,41,51,125,69,12,7,-8,4,-9,13,10,74,-56,-57,-5
11222,NB,11,4,7,15,12,20,20,17,9,3,-7,3,8,-3,8,0,-3,-8,-6
10469,A2,97,112,100,139,135,121,175,116,48,23,15,-12,39,-4,-14,54,-59,-68,-25
10003,NB,2,1,4,1,2,1,2,4,1,1,-1,3,-3,1,-1,1,2,-3,0
10465,A2,76,57,53,85,104,132,132,106,32,22,-19,-4,32,19,28,0,-26,-74,-10
10464,A3,11,3,11,5,6,10,15,5,"","",-8,8,-6,1,4,5,-10,"",""
11102,DM,9,8,22,20,36,34,39,25,9,2,-1,14,-2,16,-2,5,-14,-16,-7
11436,A2,60,59,75,59,52,97,149,137,47,22,-1,16,-16,-7,45,52,-12,-90,-25
10470,A3,46,41,48,32,23,24,31,29,8,4,-5,7,-16,-9,1,7,-2,-21,-4
10282,DM,"","","","","",1,"","","","","","","","","","","","",""
10029,A1,11,12,7,14,7,12,9,6,4,4,1,-5,7,-7,5,-3,-3,-2,0
11697,NB,15,16,10,34,154,97,71,28,6,1,1,-6,24,120,-57,-26,-43,-22,-5
10458,PA,5,1,5,6,7,2,2,3,2,5,-4,4,1,1,-5,0,1,-1,3
11360,DM,1,3,1,2,2,9,4,4,2,1,2,-2,1,0,7,-5,0,-2,-1
10302,A1,4,6,6,1,1,6,2,8,"","",2,0,-5,0,5,-4,6,"",""
11203,A1,8,15,12,10,7,10,15,9,2,1,7,-3,-2,-3,3,5,-6,-7,-1
11415,A1,6,9,11,6,12,6,11,7,11,1,3,2,-5,6,-6,5,-4,4,-10
10466,A2,74,40,48,53,70,58,123,78,44,21,-34,8,5,17,-12,65,-45,-34,-23
11210,A2,175,193,211,207,223,247,331,308,150,69,18,18,-4,16,24,84,-23,-158,-81
10461,PA,"",1,2,4,4,2,4,1,"",1,"",1,2,0,-2,2,-3,"",""
11412,A1,11,5,11,10,13,9,11,16,2,"",-6,6,-1,3,-4,2,5,-14,""
10469,A3,51,49,83,43,44,71,49,48,18,7,-2,34,-40,1,27,-22,-1,-30,-11
10306,DM,11,17,63,46,40,31,33,30,4,2,6,46,-17,-6,-9,2,-3,-26,-2
11207,NB,13,7,6,10,18,19,15,9,9,2,-6,-1,4,8,1,-4,-6,0,-7
11377,PA,"",6,9,1,1,3,"",3,1,3,"",3,-8,0,2,"","",-2,2
10278,A2,401,369,349,366,356,414,399,316,293,151,-32,-20,17,-10,58,-15,-83,-23,-142
11434,A1,20,17,16,18,18,24,24,12,7,"",-3,-1,2,0,6,0,-12,-5,""
10023,A2,708,822,819,840,888,868,862,791,750,412,114,-3,21,48,-20,-6,-71,-41,-338
11429,DM,2,5,1,"",8,1,1,5,"","",3,-4,"","",-7,0,4,"",""
11418,NB,2,5,8,1,1,4,2,1,"",1,3,3,-7,0,3,-2,-1,"",""
10003,A1,22,31,26,21,22,36,33,26,18,13,9,-5,-5,1,14,-3,-7,-8,-5
10452,A2,104,101,146,151,153,165,124,129,103,32,-3,45,5,2,12,-41,5,-26,-71
11209,A3,103,82,93,55,59,76,84,55,23,3,-21,11,-38,4,17,8,-29,-32,-20
11234,A3,23,12,7,6,6,7,9,8,7,"",-11,-5,-1,0,1,2,-1,-1,""
11221,DM,2,4,3,5,16,37,33,14,5,"",2,-1,2,11,21,-4,-19,-9,""
11516,A2,3,"",1,3,2,7,"",2,"",3,"","",2,-1,5,"","","",""
10013,NB,1,1,2,8,1,2,3,4,2,1,0,1,6,-7,1,1,1,-2,-1
11385,DM,2,4,7,"",2,3,3,"","","",2,3,"","",1,0,"","",""
11101,A1,7,8,12,9,10,5,18,6,5,5,1,4,-3,1,-5,13,-12,-1,0
07077,DM,"","","","","","","",1,"","","","","","","","","","",""
10282,A3,20,21,9,20,32,19,33,10,9,5,1,-12,11,12,-13,14,-23,-1,-4
11238,DM,6,11,8,10,20,20,31,8,2,1,5,-3,2,10,0,11,-23,-6,-1
07077,A1,"",1,3,"","","","","","","","",2,"","","","","","",""
11356,DM,12,8,7,10,12,7,13,4,4,1,-4,-1,3,2,-5,6,-9,0,-3
11224,A1,9,11,15,12,4,14,10,8,4,1,2,4,-3,-8,10,-4,-2,-4,-3
10030,A2,199,194,172,226,216,239,248,221,168,85,-5,-22,54,-10,23,9,-27,-53,-83
10018,PA,28,27,20,27,16,15,6,19,20,4,-1,-7,7,-11,-1,-9,13,1,-16
11385,A2,72,86,97,95,129,127,146,131,43,33,14,11,-2,34,-2,19,-15,-88,-10
11354,A1,47,24,26,25,28,32,37,23,10,5,-23,2,-1,3,4,5,-14,-13,-5
11236,PA,6,2,6,2,3,1,2,2,1,2,-4,4,-4,1,-2,1,0,-1,1
11581,A2,5,8,12,8,24,18,61,41,9,2,3,4,-4,16,-6,43,-20,-32,-7
11415,DM,"",5,2,1,2,1,5,"","","","",-3,-1,1,-1,4,"","",""
10303,NB,23,5,11,45,41,49,15,47,7,3,-18,6,34,-4,8,-34,32,-40,-4
11417,NB,5,5,"",11,16,6,5,8,2,2,0,"","",5,-10,-1,3,-6,0
11238,NB,4,7,21,25,38,22,27,36,8,1,3,14,4,13,-16,5,9,-28,-7
10023,A3,229,289,331,275,238,300,274,239,44,27,60,42,-56,-37,62,-26,-35,-195,-17
11210,DM,9,13,7,15,30,28,19,16,6,3,4,-6,8,15,-2,-9,-3,-10,-3
10310,A1,20,18,26,10,16,26,16,9,3,5,-2,8,-16,6,10,-10,-7,-6,2
11370,A3,11,13,8,5,8,5,8,9,4,"",2,-5,-3,3,-3,3,1,-5,""
10463,PA,3,2,2,2,5,6,1,2,4,2,-1,0,0,3,1,-5,1,2,-2
10115,NB,"","","","","","",1,"","","","","","","","","","","",""
11214,DM,12,8,7,12,13,8,16,9,"","",-4,-1,5,1,-5,8,-7,"",""
11422,PA,"","","","","","","",1,"","","","","","","","","","",""
11413,DM,6,3,7,7,2,5,8,"","","",-3,4,0,-5,3,3,"","",""
11414,A2,28,31,42,51,102,111,148,85,18,9,3,11,9,51,9,37,-63,-67,-9
10039,NB,2,3,1,1,5,4,4,3,3,"",1,-2,0,4,-1,0,-1,0,""
10474,NB,1,1,"",1,2,4,2,1,1,1,0,"","",1,2,-2,-1,0,0
11373,PA,3,11,9,3,9,18,4,6,5,1,8,-2,-6,6,9,-14,2,-1,-4
07008,A3,"",1,"","","","","","","","","","","","","","","","",""
11360,NB,4,4,2,2,7,3,5,5,6,"",0,-2,0,5,-4,2,0,1,""
10456,DM,10,13,5,3,6,5,4,2,4,2,3,-8,-2,3,-1,-1,-2,2,-2
10110,A2,971,1075,1156,1009,1193,1237,1307,1140,1079,624,104,81,-147,184,44,70,-167,-61,-455
10308,A1,16,25,8,17,14,15,29,23,3,2,9,-17,9,-3,1,14,-6,-20,-1
10464,PA,2,1,1,4,"",3,"",2,"","",-1,0,3,"","","","","",""
11102,PA,3,8,8,"","",2,4,2,7,1,5,0,"","","",2,-2,5,-6
10034,NB,1,"",1,2,"","",1,2,1,"","","",1,"","","",1,-1,""
11208,PA,4,4,1,2,"",4,3,"","","",0,-3,1,"","",-1,"","",""
11234,A2,34,29,31,36,43,56,79,64,22,9,-5,2,5,7,13,23,-15,-42,-13
11103,A2,201,210,216,231,245,232,224,173,114,70,9,6,15,14,-13,-8,-51,-59,-44
10451,PA,4,2,12,6,1,1,3,4,2,2,-2,10,-6,-5,0,2,1,-2,0
10031,A1,7,7,9,5,7,11,8,8,6,2,0,2,-4,2,4,-3,0,-2,-4
11368,A2,145,139,128,137,122,159,148,171,77,27,-6,-11,9,-15,37,-11,23,-94,-50
11104,A2,108,97,134,145,125,131,135,138,73,34,-11,37,11,-20,6,4,3,-65,-39
10307,DM,10,9,7,8,15,22,14,16,1,2,-1,-2,1,7,7,-8,2,-15,1
11428,A3,19,14,21,14,19,13,17,21,4,2,-5,7,-7,5,-6,4,4,-17,-2
10154,A3,34,44,52,59,47,34,38,26,7,9,10,8,7,-12,-13,4,-12,-19,2
11413,A3,37,25,22,45,25,26,43,24,2,4,-12,-3,23,-20,1,17,-19,-22,2
11106,NB,1,3,6,8,12,19,10,7,10,4,2,3,2,4,7,-9,-3,3,-6
10199,A2,317,385,372,401,469,487,533,548,824,398,68,-13,29,68,18,46,15,276,-426
11509,A2,4,2,6,1,"",12,31,"",6,"",-2,4,-5,"","",19,"","",""
11226,PA,2,10,2,2,2,12,1,"","","",8,-8,0,0,10,-11,"","",""
11427,A2,32,39,63,62,83,77,118,83,26,17,7,24,-1,21,-6,41,-35,-57,-9
11412,NB,3,4,4,"",5,12,8,6,1,"",1,0,"","",7,-4,-2,-5,""
11215,A2,351,365,424,446,416,435,527,465,277,160,14,59,22,-30,19,92,-62,-188,-117
10309,DM,15,20,22,12,13,12,14,17,"","",5,2,-10,1,-1,2,3,"",""
11378,A3,52,37,50,37,31,41,43,45,18,6,-15,13,-13,-6,10,2,2,-27,-12
10110,PA,17,9,7,16,9,13,10,17,8,3,-8,-2,9,-7,4,-3,7,-9,-5
10167,A3,28,37,37,40,41,33,29,39,16,9,9,0,3,1,-8,-4,10,-23,-7
10007,A2,182,176,192,281,271,216,252,241,263,140,-6,16,89,-10,-55,36,-11,22,-123
11215,PA,5,"",4,4,1,3,6,2,5,2,"","",0,-3,2,3,-4,3,-3
11694,DM,6,6,4,21,15,6,7,10,"",1,0,-2,17,-6,-9,1,3,"",""
11203,A3,36,39,38,22,55,54,37,26,9,4,3,-1,-16,33,-1,-17,-11,-17,-5
10459,A2,122,196,180,205,161,168,200,159,111,77,74,-16,25,-44,7,32,-41,-48,-34
11213,PA,4,8,"",3,7,8,"",2,2,"",4,"","",4,1,"","",0,""
10019,DM,2,8,"",5,8,5,"",2,"","",6,"","",3,-3,"","","",""
11429,PA,"",1,"",1,"",1,"",2,"","","","","","","","","","",""
11360,PA,1,2,3,"",1,4,1,2,"",2,1,1,"","",3,-3,1,"",""
11001,A2,7,8,8,9,10,11,20,14,3,2,1,0,1,1,1,9,-6,-11,-1
10466,DM,7,5,8,5,1,2,6,2,"","",-2,3,-3,-4,1,4,-4,"",""
11354,A2,232,205,203,198,192,197,244,247,235,86,-27,-2,-5,-6,5,47,3,-12,-149
11359,A3,8,10,5,5,7,5,4,"","","",2,-5,0,2,-2,-1,"","",""
11203,PA,3,9,5,3,3,1,3,"",2,"",6,-4,-2,0,-2,2,"","",""
11105,NB,4,8,2,2,2,1,4,4,3,2,4,-6,0,0,-1,3,0,-1,-1
11351,PA,2,"","","",1,"","","","","","","","","","","","","",""
10314,DM,2,9,8,11,12,17,10,5,1,1,7,-1,3,1,5,-7,-5,-4,0
10153,A2,599,686,636,800,746,696,669,683,515,337,87,-50,164,-54,-50,-27,14,-168,-178
10017,A2,499,675,795,753,729,667,716,760,615,331,176,120,-42,-24,-62,49,44,-145,-284
11204,NB,7,10,8,11,9,18,17,7,6,2,3,-2,3,-2,9,-1,-10,-1,-4
11509,A3,1,2,5,"",1,6,9,1,1,1,1,3,"","",5,3,-8,0,0
11354,PA,2,2,6,10,5,7,4,13,10,"",0,4,4,-5,2,-3,9,-3,""
10468,A1,8,8,8,11,7,4,14,8,4,"",0,0,3,-4,-3,10,-6,-4,""
11222,DM,6,4,4,14,24,29,23,16,6,2,-2,0,10,10,5,-6,-7,-10,-4
11426,PA,2,"",3,1,1,1,"",1,"","","","",-2,0,0,"","","",""
10470,PA,"",1,"",2,2,2,"","","","","","","",0,0,"","","",""
11434,NB,16,25,14,8,4,14,19,14,2,1,9,-11,-6,-4,10,5,-5,-12,-1
10020,A1,9,12,6,9,12,12,13,5,6,7,3,-6,3,3,0,1,-8,1,1
11205,A3,143,158,118,100,147,198,212,159,31,15,15,-40,-18,47,51,14,-53,-128,-16
10111,A3,31,34,31,38,43,44,50,49,19,12,3,-3,7,5,1,6,-1,-30,-7
10301,A1,9,17,11,5,18,14,15,7,5,6,8,-6,-6,13,-4,1,-8,-2,1
11364,NB,26,14,14,16,15,14,13,15,7,"",-12,0,2,-1,-1,-1,2,-8,""
11421,A1,7,10,9,6,7,12,9,8,6,1,3,-1,-3,1,5,-3,-1,-2,-5
10024,A1,"","",1,"","","","",1,1,"","","","","","","","",0,""
11693,NB,1,2,"",1,4,5,17,16,4,1,1,"","",3,1,12,-1,-12,-3
10037,A1,12,14,24,21,15,16,15,13,5,8,2,10,-3,-6,1,-1,-2,-8,3
11356,A3,40,30,36,18,26,34,43,21,7,2,-10,6,-18,8,8,9,-22,-14,-5
11691,PA,8,"",4,4,3,2,3,3,1,4,"","",0,-1,-1,1,0,-2,3
11373,A1,25,27,31,34,24,32,42,16,6,2,2,4,3,-10,8,10,-26,-10,-4
10023,A1,25,36,33,20,23,18,36,27,21,7,11,-3,-13,3,-5,18,-9,-6,-14
10310,PA,2,3,3,3,"",4,2,2,3,"",1,0,0,"","",-2,0,1,""
"",A2,193,218,197,198,112,129,168,6825,17622,9463,25,-21,1,-86,17,39,6657,10797,-8159
10311,A1,3,3,2,3,3,6,2,4,1,"",0,-1,1,0,3,-4,2,-3,""
10034,A3,127,133,113,122,111,125,108,147,27,13,6,-20,9,-11,14,-17,39,-120,-14
10152,A3,15,10,12,20,11,22,28,24,11,1,-5,2,8,-9,11,6,-4,-13,-10
10065,DM,1,"",5,4,9,3,"",7,"","","","",-1,5,-6,"","","",""
11106,A3,107,85,112,107,192,245,163,98,30,21,-22,27,-5,85,53,-82,-65,-68,-9
11224,A3,74,77,75,89,124,95,106,106,42,14,3,-2,14,35,-29,11,0,-64,-28
11371,NB,"",10,9,7,2,3,3,"","","","",-1,-2,-5,1,0,"","",""
11420,DM,7,1,7,1,3,3,2,6,"","",-6,6,-6,2,0,-1,4,"",""
11692,A2,160,201,153,204,211,146,135,183,94,46,41,-48,51,7,-65,-11,48,-89,-48
10455,PA,1,1,1,1,"",2,1,3,4,"",0,0,0,"","",-1,2,1,""
10039,A3,88,76,47,41,91,98,69,67,14,2,-12,-29,-6,50,7,-29,-2,-53,-12
11203,A2,84,95,102,86,98,118,160,126,42,20,11,7,-16,12,20,42,-34,-84,-22
11104,PA,1,"","",3,4,5,1,2,1,"","","","",1,1,-4,1,-1,""
11355,A1,50,50,50,43,39,50,58,31,17,7,0,0,-7,-4,11,8,-27,-14,-10
11434,A3,33,34,22,20,34,31,43,21,5,3,1,-12,-2,14,-3,12,-22,-16,-2
10167,PA,5,5,4,5,6,7,8,3,3,3,0,-1,1,1,1,1,-5,0,0
11208,DM,6,1,7,14,10,4,11,5,1,"",-5,6,7,-4,-6,7,-6,-4,""
11105,A1,30,25,24,22,22,34,28,17,8,7,-5,-1,-2,0,12,-6,-11,-9,-1
10002,DM,6,3,9,6,3,34,19,9,5,3,-3,6,-3,-3,31,-15,-10,-4,-2
11378,NB,9,14,16,11,9,7,6,10,4,4,5,2,-5,-2,-2,-1,4,-6,0
11354,A3,99,81,103,138,77,109,102,90,16,11,-18,22,35,-61,32,-7,-12,-74,-5
11208,NB,7,3,5,10,27,8,6,12,3,"",-4,2,5,17,-19,-2,6,-9,""
11220,PA,8,2,3,8,4,13,3,13,3,1,-6,1,5,-4,9,-10,10,-10,-2
10069,A2,136,162,154,148,188,183,160,176,147,61,26,-8,-6,40,-5,-23,16,-29,-86
11226,A3,78,79,85,65,82,142,151,119,42,15,1,6,-20,17,60,9,-32,-77,-27
11371,PA,4,"","","","","",6,"",1,"","","","","","","","","",""
10453,A3,84,102,90,83,101,97,92,85,32,6,18,-12,-7,18,-4,-5,-7,-53,-26
10460,NB,8,5,6,11,11,8,7,8,2,2,-3,1,5,0,-3,-1,1,-6,0
10457,A2,108,104,105,122,154,179,131,142,80,48,-4,1,17,32,25,-48,11,-62,-32
11379,A3,28,40,37,25,19,22,34,19,3,3,12,-3,-12,-6,3,12,-15,-16,0
11413,A1,12,29,20,31,26,18,31,25,3,2,17,-9,11,-5,-8,13,-6,-22,-1
11096,A2,2,6,12,10,8,6,6,19,14,"",4,6,-2,-2,-2,0,13,-5,""
11416,A3,28,14,28,28,23,28,27,23,11,4,-14,14,0,-5,5,-1,-4,-12,-7
11363,NB,7,4,2,5,10,3,6,7,3,1,-3,-2,3,5,-7,3,1,-4,-2
11697,A2,9,5,17,35,32,21,77,119,44,9,-4,12,18,-3,-11,56,42,-75,-35
10456,A3,118,132,109,128,123,157,112,119,32,19,14,-23,19,-5,34,-45,7,-87,-13
11378,A1,26,21,23,19,17,12,14,9,4,3,-5,2,-4,-2,-5,2,-5,-5,-1
11217,A2,353,417,445,487,458,501,505,474,290,189,64,28,42,-29,43,4,-31,-184,-101
11237,PA,2,4,5,4,7,7,2,10,9,4,2,1,-1,3,0,-5,8,-1,-5
10038,PA,2,7,"",2,1,5,3,3,3,"",5,"","",-1,4,-2,0,0,""
11516,DM,1,"",1,"",1,"","","","","","","","","","","","","",""
11421,PA,"","",1,"",2,"","","","","","","","","","","","","",""
11226,A1,13,18,15,19,16,9,28,17,14,7,5,-3,4,-3,-7,19,-11,-3,-7
11358,PA,6,3,10,3,5,1,4,6,4,"",-3,7,-7,2,-4,3,2,-2,""
10152,A2,274,317,291,298,296,333,284,286,273,169,43,-26,7,-2,37,-49,2,-13,-104
10119,PA,8,13,5,5,4,3,6,6,11,7,5,-8,0,-1,-1,3,0,5,-4
11231,DM,3,3,7,8,13,9,10,6,1,1,0,4,1,5,-4,1,-4,-5,0
10153,NB,1,"","","",2,2,2,"",1,"","","","","",0,0,"","",""
10461,DM,3,3,5,5,3,9,4,1,1,"",0,2,0,-2,6,-5,-3,0,""
10112,A3,14,24,22,14,17,19,20,14,9,3,10,-2,-8,3,2,1,-6,-5,-6
11421,NB,1,2,5,2,3,1,12,2,4,"",1,3,-3,1,-2,11,-10,2,""
11223,DM,22,41,30,24,30,36,27,31,4,4,19,-11,-6,6,6,-9,4,-27,0
10467,A2,144,154,171,182,168,197,182,165,72,51,10,17,11,-14,29,-15,-17,-93,-21
11355,DM,11,31,28,20,15,30,28,30,7,4,20,-3,-8,-5,15,-2,2,-23,-3
11368,NB,33,15,10,15,21,26,28,16,8,2,-18,-5,5,6,5,2,-12,-8,-6
11372,A1,33,21,28,21,25,11,12,21,8,1,-12,7,-7,4,-14,1,9,-13,-7
11351,A1,4,1,2,1,1,2,2,3,2,"",-3,1,-1,0,1,0,1,-1,""
11220,A3,147,115,112,142,113,160,137,140,73,24,-32,-3,30,-29,47,-23,3,-67,-49
10453,DM,1,1,2,3,4,8,5,"",1,1,0,1,1,1,4,-3,"","",0
10111,NB,"","","","","","","",1,"","","","","","","","","","",""
11225,DM,4,3,4,2,11,24,17,12,"","",-1,1,-2,9,13,-7,-5,"",""
10167,A2,406,440,470,555,494,416,369,393,463,276,34,30,85,-61,-78,-47,24,70,-187
11420,A1,11,19,11,12,10,16,10,13,1,5,8,-8,1,-2,6,-6,3,-12,4
10468,PA,5,5,5,6,2,2,3,1,9,6,0,0,1,-4,0,1,-2,8,-3
11104,NB,2,"",2,2,1,3,1,"",1,"","","",0,-1,2,-2,"","",""
10463,NB,3,1,1,7,4,3,7,1,1,"",-2,0,6,-3,-1,4,-6,0,""
11374,A3,71,63,62,51,51,63,50,50,6,3,-8,-1,-11,0,12,-13,0,-44,-3
10199,A3,164,170,133,127,159,224,218,233,70,40,6,-37,-6,32,65,-6,15,-163,-30
10029,DM,"",1,"","",5,3,"",1,"",1,"","","","",-2,"","","",""
10304,DM,15,11,6,19,25,19,25,13,2,4,-4,-5,13,6,-6,6,-12,-11,2
10302,NB,8,2,"","",2,10,5,4,5,"",-6,"","","",8,-5,-1,1,""
10453,A2,95,123,151,169,163,209,157,116,98,44,28,28,18,-6,46,-52,-41,-18,-54
11697,A3,3,2,1,8,4,5,26,12,1,1,-1,-1,7,-4,1,21,-14,-11,0
10305,NB,46,41,25,42,41,76,59,26,12,3,-5,-16,17,-1,35,-17,-33,-14,-9
11105,A3,46,54,34,25,33,53,93,58,12,10,8,-20,-9,8,20,40,-35,-46,-2
11211,A3,240,230,274,357,383,419,400,407,85,31,-10,44,83,26,36,-19,7,-322,-54
11220,DM,2,2,5,8,11,4,12,6,1,"",0,3,3,3,-7,8,-6,-5,""
11357,DM,33,17,15,14,13,17,24,16,3,2,-16,-2,-1,-1,4,7,-8,-13,-1
11419,A2,82,103,99,88,120,87,126,113,52,12,21,-4,-11,32,-33,39,-13,-61,-40
11214,PA,1,"",2,7,4,3,2,8,4,1,"","",5,-3,-1,-1,6,-4,-3
11234,DM,"",5,1,3,1,1,4,3,"","","",-4,2,-2,0,3,-1,"",""
11366,DM,10,7,9,7,11,17,9,5,2,2,-3,2,-2,4,6,-8,-4,-3,0
11412,A2,52,45,48,52,60,112,192,123,34,19,-7,3,4,8,52,80,-69,-89,-15
10025,DM,1,"","","","",1,"",1,3,"","","","","","","","",2,""
10455,A1,3,2,6,7,7,5,4,7,3,4,-1,4,1,0,-2,-1,3,-4,1
10453,PA,2,4,1,4,1,1,"",3,"","",2,-3,3,-3,0,"","","",""
11429,NB,9,"",1,2,3,5,"",1,3,"","","",1,1,2,"","",2,""
10278,A1,15,17,7,14,17,13,10,11,13,4,2,-10,7,3,-4,-3,1,2,-9
11366,NB,5,6,5,4,9,8,7,3,3,"",1,-1,-1,5,-1,-1,-4,0,""
10282,A1,"","","",1,5,3,1,2,2,2,"","","",4,-2,-2,1,0,0
11229,NB,9,12,2,6,13,13,11,28,9,2,3,-10,4,7,0,-2,17,-19,-7
11101,A3,40,43,67,67,103,132,157,91,43,14,3,24,0,36,29,25,-66,-48,-29
10463,A3,75,85,81,78,55,53,83,68,11,4,10,-4,-3,-23,-2,30,-15,-57,-7
11220,A2,340,402,369,403,478,531,638,529,369,155,62,-33,34,75,53,107,-109,-160,-214
11435,A1,16,21,23,16,15,12,18,15,4,3,5,2,-7,-1,-3,6,-3,-11,-1
11415,NB,1,2,1,3,2,4,3,6,1,"",1,-1,2,-1,2,-1,3,-5,""
11229,A1,32,27,28,26,27,21,25,20,12,3,-5,1,-2,1,-6,4,-5,-8,-9
10018,A1,16,19,25,15,14,20,13,19,8,13,3,6,-10,-1,6,-7,6,-11,5
10312,A2,104,82,83,213,455,392,349,210,60,25,-22,1,130,242,-63,-43,-139,-150,-35
11370,A2,44,57,63,46,47,40,30,43,11,11,13,6,-17,1,-7,-10,13,-32,0
10271,PA,3,4,4,8,6,3,5,8,10,7,1,0,4,-2,-3,2,3,2,-3
11418,A2,67,57,55,65,64,77,80,71,23,9,-10,-2,10,-1,13,3,-9,-48,-14
11360,A1,20,19,11,10,12,12,18,13,"",1,-1,-8,-1,2,0,6,-5,"",""
11355,NB,28,33,28,21,16,26,39,36,22,4,5,-5,-7,-5,10,13,-3,-14,-18
10464,A2,19,22,10,20,19,23,20,23,6,6,3,-12,10,-1,4,-3,3,-17,0
11231,PA,2,8,10,10,2,11,3,5,4,"",6,2,0,-8,9,-8,2,-1,""
10001,A3,198,285,311,391,340,369,312,281,71,40,87,26,80,-51,29,-57,-31,-210,-31
11234,NB,2,2,3,"",1,"",5,10,1,"",0,1,"","","","",5,-9,""
10013,A2,391,443,402,471,461,491,544,469,427,268,52,-41,69,-10,30,53,-75,-42,-159
11212,DM,2,1,2,1,7,7,2,2,"","",-1,1,-1,6,0,-5,0,"",""
11205,DM,3,1,6,7,6,18,11,10,"","",-2,5,1,-1,12,-7,-1,"",""
11109,NB,4,6,7,6,10,2,44,24,8,"",2,1,-1,4,-8,42,-20,-16,""
10805,A2,"",1,1,2,"",1,"","",1,"","",0,1,"","","","","",""
10271,NB,"",1,"","","",1,"","",1,"","","","","","","","","",""
10162,PA,5,3,6,1,1,2,5,9,4,2,-2,3,-5,0,1,3,4,-5,-2
10472,NB,8,2,7,8,18,2,3,5,2,"",-6,5,1,10,-16,1,2,-3,""
11239,PA,"",1,7,"",3,2,1,1,1,1,"",6,"","",-1,-1,0,0,0
10451,A3,122,89,67,77,97,90,130,65,24,16,-33,-22,10,20,-7,40,-65,-41,-8
11230,A3,115,78,99,79,97,125,118,110,21,16,-37,21,-20,18,28,-7,-8,-89,-5
10012,A2,945,1064,1046,1117,1112,1161,1148,1079,1017,523,119,-18,71,-5,49,-13,-69,-62,-494
11359,NB,"",5,2,1,4,3,5,2,2,"","",-3,-1,3,-1,2,-3,0,""
11363,A2,47,44,45,58,71,69,51,56,26,14,-3,1,13,13,-2,-18,5,-30,-12
10026,NB,2,1,6,4,4,3,1,2,6,"",-1,5,-2,0,-1,-2,1,4,""
11354,DM,14,19,16,25,29,40,13,25,10,2,5,-3,9,4,11,-27,12,-15,-8
10035,A1,6,4,12,13,8,5,7,13,1,6,-2,8,1,-5,-3,2,6,-12,5
11413,A2,50,58,71,81,80,105,232,149,48,26,8,13,10,-1,25,127,-83,-101,-22
11220,A1,66,62,76,50,41,75,61,55,22,13,-4,14,-26,-9,34,-14,-6,-33,-9
10028,A2,682,749,779,861,806,823,887,716,701,360,67,30,82,-55,17,64,-171,-15,-341
10311,NB,4,22,16,59,40,32,19,12,8,2,18,-6,43,-19,-8,-13,-7,-4,-6
10312,DM,13,13,23,21,32,18,30,12,1,2,0,10,-2,11,-14,12,-18,-11,1
10475,DM,2,2,2,2,2,4,"",2,"","",0,0,0,0,2,"","","",""
10311,DM,4,"",4,11,6,10,8,3,1,"","","",7,-5,4,-2,-5,-2,""
10004,A3,1,"",1,1,"","",1,1,2,1,"","",0,"","","",0,1,-1
10025,A1,8,15,5,6,9,7,12,7,10,6,7,-10,1,3,-2,5,-5,3,-4
11370,PA,"","","",1,"","","",1,"","","","","","","","","","",""
10119,A1,8,5,6,8,8,13,10,6,8,3,-3,1,2,0,5,-3,-4,2,-5
10031,A3,47,53,56,57,71,69,83,51,15,6,6,3,1,14,-2,14,-32,-36,-9
10280,NB,"",1,"","",1,"","","","","","","","","","","","","",""
11238,PA,6,4,3,9,3,6,2,7,6,3,-2,-1,6,-6,3,-4,5,-1,-3
11103,A3,111,105,101,78,73,131,98,77,28,8,-6,-4,-23,-5,58,-33,-21,-49,-20
11694,A1,12,14,17,17,15,9,4,9,3,2,2,3,0,-2,-6,-5,5,-6,-1
10025,PA,"","",1,2,1,2,1,4,1,"","","",1,-1,1,-1,3,-3,""
11516,A1,"","","","","",1,"","","","","","","","","","","","",""
11230,NB,10,17,10,19,22,16,11,21,9,1,7,-7,9,3,-6,-5,10,-12,-8
10016,NB,"",1,1,1,2,3,"",1,1,"","",0,0,1,1,"","",0,""
11239,NB,1,59,"",14,49,4,2,2,1,"",58,"","",35,-45,-2,0,-1,""
11434,DM,9,8,1,1,1,5,6,9,1,1,-1,-7,0,0,4,1,3,-8,0
10110,NB,"",1,2,1,1,"",2,5,2,1,"",1,-1,0,"","",3,-3,-1
10303,A2,72,57,54,66,151,162,213,138,54,14,-15,-3,12,85,11,51,-75,-84,-40
11209,A1,21,12,15,13,15,13,10,10,3,"",-9,3,-2,2,-2,-3,0,-7,""
10011,A3,378,420,456,411,456,449,363,374,66,39,42,36,-45,45,-7,-86,11,-308,-27
11416,A2,81,69,89,97,99,106,146,110,35,22,-12,20,8,2,7,40,-36,-75,-13
11205,PA,"",2,3,9,3,13,10,4,5,4,"",1,6,-6,10,-3,-6,1,-1
11213,DM,4,1,8,12,7,15,16,9,5,1,-3,7,4,-5,8,1,-7,-4,-4
11207,A2,141,163,157,189,246,253,394,273,104,46,22,-6,32,57,7,141,-121,-169,-58
10705,A2,8,2,6,15,3,3,4,2,"",1,-6,4,9,-12,0,1,-2,"",""
11239,A1,"",1,"","","",5,1,2,"","","","","","","",-4,1,"",""
10111,A2,311,459,454,392,423,439,469,475,408,202,148,-5,-62,31,16,30,6,-67,-206
11420,A3,29,28,12,12,21,24,21,20,10,5,-1,-16,0,9,3,-3,-1,-10,-5
11692,NB,72,34,75,83,14,5,11,27,4,3,-38,41,8,-69,-9,6,16,-23,-1
10463,A1,4,12,8,4,7,7,8,12,3,2,8,-4,-4,3,0,1,4,-9,-1
11238,A2,257,269,343,339,408,441,441,413,260,136,12,74,-4,69,33,0,-28,-153,-124
11428,DM,4,5,4,4,2,4,2,1,3,"",1,-1,0,-2,2,-2,-1,2,""
11420,PA,3,2,1,2,"",1,1,1,1,"",-1,-1,1,"","",0,0,0,""
10023,NB,"","",1,"","",2,3,2,1,"","","","","","",1,-1,-1,""
10705,A3,"",2,1,"","","","","","","","",-1,"","","","","","",""
10007,NB,2,"","",2,"","",3,3,1,"","","","","","","",0,-2,""
11005,PA,"","",3,"",1,1,1,5,"","","","","","",0,0,4,"",""
11373,NB,31,11,38,21,20,18,17,29,6,3,-20,27,-17,-1,-2,-1,12,-23,-3
11358,DM,16,22,21,9,30,29,27,22,3,"",6,-1,-12,21,-1,-2,-5,-19,""
10459,PA,4,4,1,2,"",4,2,2,2,1,0,-3,1,"","",-2,0,0,-1
10019,A1,12,8,16,9,10,11,13,4,5,1,-4,8,-7,1,1,2,-9,1,-4
10030,PA,3,"",6,6,3,1,1,3,"",2,"","",0,-3,-2,0,2,"",""
10037,DM,3,1,1,3,"",2,2,1,5,"",-2,0,2,"","",0,-1,4,""
07077,NB,2,"","","","",1,1,1,"","","","","","","",0,0,"",""
11106,PA,8,8,2,1,8,2,6,3,5,3,0,-6,-1,7,-6,4,-3,2,-2
10039,A1,3,10,6,6,8,10,7,2,6,2,7,-4,0,2,2,-3,-5,4,-4
11366,PA,"","",3,2,1,1,2,"","",1,"","",-1,-1,0,1,"","",""
10009,A3,160,193,195,181,224,217,222,163,45,7,33,2,-14,43,-7,5,-59,-118,-38
11219,NB,10,22,18,16,21,28,30,27,10,4,12,-4,-2,5,7,2,-3,-17,-6
11208,A1,12,9,14,8,9,13,8,9,6,2,-3,5,-6,1,4,-5,1,-3,-4
10069,A3,30,29,33,34,47,36,40,28,17,2,-1,4,1,13,-11,4,-12,-11,-15
10452,A3,105,100,97,71,79,121,119,78,27,4,-5,-3,-26,8,42,-2,-41,-51,-23
11430,A2,19,18,10,22,15,29,70,50,16,4,-1,-8,12,-7,14,41,-20,-34,-12
11218,PA,7,8,6,2,7,4,2,10,"","",1,-2,-4,5,-3,-2,8,"",""
10312,NB,78,56,81,73,63,91,55,48,18,4,-22,25,-8,-10,28,-36,-7,-30,-14
10456,PA,4,7,"","",3,1,2,2,5,"",3,"","","",-2,1,0,3,""
10011,PA,10,25,16,18,25,15,22,12,18,9,15,-9,2,7,-10,7,-10,6,-9
11373,A3,121,99,107,111,92,123,121,92,19,9,-22,8,4,-19,31,-2,-29,-73,-10
11235,DM,7,24,20,14,27,40,27,19,7,1,17,-4,-6,13,13,-13,-8,-12,-6
11102,A2,140,191,158,173,168,215,182,150,114,48,51,-33,15,-5,47,-33,-32,-36,-66
10462,NB,5,10,3,5,"",5,3,5,"","",5,-7,2,"","",-2,2,"",""
10456,A2,132,150,170,173,201,238,183,177,106,54,18,20,3,28,37,-55,-6,-71,-52
11235,A1,33,29,31,19,32,30,26,13,8,3,-4,2,-12,13,-2,-4,-13,-5,-5
11356,A2,133,116,91,77,110,97,136,139,44,20,-17,-25,-14,33,-13,39,3,-95,-24
11209,DM,4,9,4,12,2,5,8,1,3,1,5,-5,8,-10,3,3,-7,2,-2
10029,PA,8,9,4,8,4,8,10,12,1,1,1,-5,4,-4,4,2,2,-11,0
11693,A1,"",6,2,8,7,6,3,10,2,"","",-4,6,-1,-1,-3,7,-8,""
11421,DM,2,5,1,1,4,1,7,1,"",1,3,-4,0,3,-3,6,-6,"",""
11377,NB,7,4,4,5,6,4,2,3,1,2,-3,0,1,1,-2,-2,1,-2,1
11375,A3,83,76,91,93,81,76,105,70,25,12,-7,15,2,-12,-5,29,-35,-45,-13
11004,NB,9,15,8,9,9,6,5,4,2,"",6,-7,1,0,-3,-1,-1,-2,""
10280,A1,"",1,2,3,1,4,1,"",1,1,"",1,1,-2,3,-3,"","",0
10303,A1,18,6,12,24,13,12,5,8,2,3,-12,6,12,-11,-1,-7,3,-6,1
10031,DM,1,"",1,1,"","","","",1,"","","",0,"","","","","",""
11416,PA,5,4,4,"",3,"","",1,1,4,-1,0,"","","","","",0,3
11229,PA,4,4,3,9,4,3,3,1,2,2,0,-1,6,-5,-1,0,-2,1,0
11357,A1,21,26,28,36,38,41,27,28,6,3,5,2,8,2,3,-14,1,-22,-3
10470,A2,53,59,76,75,64,70,95,64,29,13,6,17,-1,-11,6,25,-31,-35,-16
10171,A3,38,36,38,44,34,28,49,30,8,6,-2,2,6,-10,-6,21,-19,-22,-2
11509,NB,"",1,1,1,"","",1,"","","","",0,0,"","","","","",""
10029,NB,2,1,1,2,1,3,2,2,2,1,-1,0,1,-1,2,-1,0,0,-1
10115,PA,7,4,4,1,1,2,"",1,3,"",-3,0,-3,0,1,"","",2,""
11368,PA,5,3,2,5,4,4,2,5,3,1,-2,-1,3,-1,0,-2,3,-2,-2
10038,NB,1,1,1,2,"",4,"","",1,"",0,0,1,"","","","","",""
10271,A2,289,299,351,394,418,389,449,475,485,278,10,52,43,24,-29,60,26,10,-207
11436,PA,4,4,"",1,"",1,2,3,"",1,0,"","","","",1,1,"",""
11372,DM,10,5,6,7,13,12,24,2,5,"",-5,1,1,6,-1,12,-22,3,""
10454,A2,65,75,109,91,122,94,90,74,66,60,10,34,-18,31,-28,-4,-16,-8,-6
11423,A3,30,14,21,25,31,42,22,14,5,1,-16,7,4,6,11,-20,-8,-9,-4
10153,PA,16,8,7,11,7,4,11,8,7,3,-8,-1,4,-4,-3,7,-3,-1,-4
10312,A1,36,30,29,29,28,24,25,13,4,2,-6,-1,0,-1,-4,1,-12,-9,-2
10282,A2,124,176,92,111,182,217,176,141,143,68,52,-84,19,71,35,-41,-35,2,-75
10307,PA,2,4,3,2,1,4,2,4,"",2,2,-1,-1,-1,3,-2,2,"",""
10306,NB,32,38,47,33,37,52,61,54,17,1,6,9,-14,4,15,9,-7,-37,-16
10012,A1,39,43,33,50,29,41,25,30,28,6,4,-10,17,-21,12,-16,5,-2,-22
11416,NB,3,5,4,3,2,6,6,4,2,1,2,-1,-1,-1,4,0,-2,-2,-1
11237,A1,31,36,34,41,44,45,70,53,30,17,5,-2,7,3,1,25,-17,-23,-13
10475,A3,45,15,11,21,61,11,21,22,9,3,-30,-4,10,40,-50,10,1,-13,-6
11219,DM,18,23,18,28,51,39,41,25,6,1,5,-5,10,23,-12,2,-16,-19,-5
10466,PA,3,1,"",1,"",1,1,"","","",-2,"","","","",0,"","",""
10017,PA,7,6,8,14,8,4,8,8,13,6,-1,2,6,-6,-4,4,0,5,-7
11372,A3,156,114,127,117,106,121,129,85,25,10,-42,13,-10,-11,15,8,-44,-60,-15
11001,PA,"","","","","","","",1,"","","","","","","","","","",""
11211,NB,17,20,27,36,39,54,72,35,21,11,3,7,9,3,15,18,-37,-14,-10
10307,A2,53,59,46,143,191,156,130,108,43,17,6,-13,97,48,-35,-26,-22,-65,-26
11204,A1,33,26,20,30,29,25,34,24,7,3,-7,-6,10,-1,-4,9,-10,-17,-4
10004,A2,3,1,2,30,"",2,4,3,6,3,-2,1,28,"","",2,-1,3,-3
10472,A1,8,7,12,5,8,2,9,2,1,1,-1,5,-7,3,-6,7,-7,-1,0
11209,NB,7,4,2,7,1,3,10,7,1,"",-3,-2,5,-6,2,7,-3,-6,""
10153,A1,11,8,15,7,9,7,13,4,5,2,-3,7,-8,2,-2,6,-9,1,-3
10009,A1,14,11,19,13,15,27,9,9,7,6,-3,8,-6,2,12,-18,0,-2,-1
10461,A3,44,34,39,38,34,31,41,25,15,3,-10,5,-1,-4,-3,10,-16,-10,-12
11435,A3,55,59,70,59,73,74,88,76,34,7,4,11,-11,14,1,14,-12,-42,-27
10002,A2,561,593,703,738,717,777,771,760,607,296,32,110,35,-21,60,-6,-11,-153,-311
10022,PA,4,10,11,6,3,4,3,7,2,"",6,1,-5,-3,1,-1,4,-5,""
11416,DM,7,1,7,5,7,3,2,4,"",1,-6,6,-2,2,-4,-1,2,"",""
10303,A3,43,15,22,33,56,102,34,18,10,"",-28,7,11,23,46,-68,-16,-8,""
10005,PA,4,2,"",6,3,6,6,5,5,6,-2,"","",-3,3,0,-1,0,1
11204,A2,199,197,167,189,211,242,210,190,85,45,-2,-30,22,22,31,-32,-20,-105,-40
11435,DM,5,9,12,6,7,8,31,22,"",2,4,3,-6,1,1,23,-9,"",""
11373,A2,247,261,259,242,275,364,363,280,209,75,14,-2,-17,33,89,-1,-83,-71,-134
11428,A1,10,11,14,6,8,9,8,5,2,"",1,3,-8,2,1,-1,-3,-3,""
11221,A3,91,51,77,78,114,175,194,159,24,5,-40,26,1,36,61,19,-35,-135,-19
10011,NB,"",3,2,4,3,4,3,2,3,1,"",-1,2,-1,1,-1,-1,1,-2
11434,PA,7,1,1,2,1,1,"",1,"","",-6,0,1,-1,0,"","","",""
10199,PA,6,10,23,13,3,3,16,9,12,26,4,13,-10,-10,0,13,-7,3,14
07077,A3,"",1,"","","",1,"",1,"","","","","","","","","","",""
10271,A3,55,84,95,94,43,72,68,78,17,14,29,11,-1,-51,29,-4,10,-61,-3
10021,A3,292,380,330,326,297,269,323,237,43,19,88,-50,-4,-29,-28,54,-86,-194,-24
10457,A3,110,92,67,76,96,91,79,85,32,10,-18,-25,9,20,-5,-12,6,-53,-22
11233,A3,114,66,93,97,194,203,146,119,25,9,-48,27,4,97,9,-57,-27,-94,-16
10301,PA,1,7,7,9,1,23,3,2,"","",6,0,2,-8,22,-20,-1,"",""
11221,NB,11,18,9,13,17,33,34,28,13,1,7,-9,4,4,16,1,-6,-15,-12
11225,NB,1,1,5,4,5,17,16,12,6,1,0,4,-1,1,12,-1,-4,-6,-5
11694,A2,54,57,51,108,93,82,65,82,49,13,3,-6,57,-15,-11,-17,17,-33,-36
10466,A3,51,17,35,53,9,27,37,36,9,"",-34,18,18,-44,18,10,-1,-27,""
10303,DM,14,1,7,9,12,8,10,17,"","",-13,6,2,3,-4,2,7,"",""
10199,NB,2,2,8,3,2,10,17,5,2,1,0,6,-5,-1,8,7,-12,-3,-1
10310,DM,12,16,6,5,12,10,14,17,4,"",4,-10,-1,7,-2,4,3,-13,""
10454,DM,1,2,6,1,1,3,2,1,2,"",1,4,-5,0,2,-1,-1,1,""
11215,DM,3,5,7,6,19,16,72,10,8,1,2,2,-1,13,-3,56,-62,-2,-7
10466,A1,5,11,21,7,5,8,12,10,1,"",6,10,-14,-2,3,4,-2,-9,""
11414,PA,3,1,3,1,"",2,1,1,"","",-2,2,-2,"","",-1,0,"",""
11378,A2,91,115,128,118,133,94,143,122,45,27,24,13,-10,15,-39,49,-21,-77,-18
10473,A2,68,55,49,65,136,93,108,86,71,21,-13,-6,16,71,-43,15,-22,-15,-50
10314,A3,58,35,43,59,33,53,50,34,11,3,-23,8,16,-26,20,-3,-16,-23,-8
11235,NB,8,16,11,14,10,16,20,17,18,4,8,-5,3,-4,6,4,-3,1,-14
11415,PA,2,2,"","","",2,2,"",1,"",0,"","","","",0,"","",""
11096,PA,"","","","","","",1,"","","","","","","","","","","",""
10473,DM,2,1,"",1,3,1,4,3,"","",-1,"","",2,-2,3,-1,"",""
11428,NB,2,5,6,13,1,1,5,4,2,1,3,1,7,-12,0,4,-1,-2,-1
11217,A3,165,220,207,259,223,312,331,226,46,32,55,-13,52,-36,89,19,-105,-180,-14
10031,NB,"","","",4,"",1,"",1,"","","","","","","","","","",""
11101,PA,1,11,3,1,2,1,7,3,7,6,10,-8,-2,1,-1,6,-4,4,-1
10039,A2,100,105,75,127,157,185,139,141,155,63,5,-30,52,30,28,-46,2,14,-92
11233,A2,98,157,168,199,269,327,347,237,102,57,59,11,31,70,58,20,-110,-135,-45
10019,A2,367,423,454,475,427,450,513,407,415,201,56,31,21,-48,23,63,-106,8,-214
10162,A3,153,145,158,176,143,189,189,129,18,12,-8,13,18,-33,46,0,-60,-111,-6
10460,A1,4,6,4,7,5,8,11,6,4,1,2,-2,3,-2,3,3,-5,-2,-3
11581,DM,4,"","","","","",1,"","","","","","","","","","","",""
11436,A1,22,13,22,14,19,22,25,21,1,2,-9,9,-8,5,3,3,-4,-20,1
11213,A3,91,47,83,56,85,157,97,99,13,8,-44,36,-27,29,72,-60,2,-86,-5
10112,NB,1,"","",1,"","","","",1,"","","","","","","","","",""
10112,DM,"","","","","",2,1,"","",1,"","","","","",-1,"","",""
10475,PA,"",1,2,4,2,4,11,1,"",3,"",1,2,-2,2,7,-10,"",""
10456,A1,10,10,13,12,8,6,11,16,7,2,0,3,-1,-4,-2,5,5,-9,-5
11423,A1,19,15,8,16,13,14,12,6,4,"",-4,-7,8,-3,1,-2,-6,-2,""
11371,DM,1,5,2,3,"",2,3,1,"","",4,-3,1,"","",1,-2,"",""
11430,A1,6,11,2,6,8,10,10,5,1,"",5,-9,4,2,2,0,-5,-4,""
10302,A3,10,7,9,9,8,21,8,15,"",1,-3,2,0,-1,13,-13,7,"",""
11581,A3,6,5,6,2,5,4,1,3,2,"",-1,1,-4,3,-1,-3,2,-1,""
11235,A3,120,113,97,91,120,154,136,95,26,10,-7,-16,-6,29,34,-18,-41,-69,-16
10171,NB,"","","","","","",1,"","","","","","","","","","","",""
11201,PA,5,7,8,14,5,14,23,21,18,3,2,1,6,-9,9,9,-2,-3,-15
10154,NB,"",2,"",2,"","","","",1,"","","","","","","","","",""
11416,A1,21,10,11,17,13,9,20,11,5,"",-11,1,6,-4,-4,11,-9,-6,""
10013,DM,"",4,4,6,7,15,2,2,"","","",0,2,1,8,-13,0,"",""
10301,A3,58,72,54,44,69,69,88,50,14,4,14,-18,-10,25,0,19,-38,-36,-10
11435,NB,8,6,6,7,7,14,11,15,4,2,-2,0,1,0,7,-3,4,-11,-2
11362,A2,28,36,41,22,28,42,41,24,7,4,8,5,-19,6,14,-1,-17,-17,-3
10025,A3,98,117,127,116,108,137,119,92,13,4,19,10,-11,-8,29,-18,-27,-79,-9
11218,DM,9,4,8,8,13,28,15,7,4,2,-5,4,0,5,15,-13,-8,-3,-2
10468,NB,12,1,2,6,4,3,5,6,3,2,-11,1,4,-2,-1,2,1,-3,-1
10455,NB,4,3,1,1,1,4,4,5,1,"",-1,-2,0,0,3,0,1,-4,""
11412,PA,2,"",1,2,"",2,2,2,1,"","","",1,"","",0,0,-1,""
11362,DM,9,7,8,5,4,7,3,2,2,"",-2,1,-3,-1,3,-4,-1,0,""
10307,A3,21,24,23,40,34,47,33,17,4,2,3,-1,17,-6,13,-14,-16,-13,-2
11230,PA,9,7,3,5,9,"",5,4,5,1,-2,-4,2,4,"","",-1,1,-4
10307,A1,9,16,9,11,9,13,10,3,1,4,7,-7,2,-2,4,-3,-7,-2,3
10154,A1,4,4,4,6,4,4,2,7,4,3,0,0,2,-2,0,-2,5,-3,-1
11211,DM,9,14,20,34,43,57,34,60,6,3,5,6,14,9,14,-23,26,-54,-3
10044,A3,71,82,107,93,81,144,132,77,29,22,11,25,-14,-12,63,-12,-55,-48,-7
11412,DM,6,4,6,4,5,7,2,2,3,"",-2,2,-2,1,2,-5,0,1,""
11214,A3,56,53,45,38,38,71,47,36,13,10,-3,-8,-7,0,33,-24,-11,-23,-3
11433,PA,2,11,7,2,2,7,4,1,"",1,9,-4,-5,0,5,-3,-3,"",""
11433,DM,4,13,13,8,10,15,11,2,2,2,9,0,-5,2,5,-4,-9,0,0
10030,A3,155,115,120,124,108,159,149,100,28,12,-40,5,4,-16,51,-10,-49,-72,-16
11412,A3,21,20,12,19,16,23,28,20,2,1,-1,-8,7,-3,7,5,-8,-18,-1
10004,A1,"","",1,"","","","","",1,"","","","","","","","","",""
10020,DM,"",1,1,"",1,3,2,8,"","","",0,"","",2,-1,6,"",""
11367,A2,74,70,84,92,123,107,121,115,47,30,-4,14,8,31,-16,14,-6,-68,-17
10002,NB,4,6,6,7,13,5,7,9,6,1,2,0,1,6,-8,2,2,-3,-5
11377,DM,8,19,6,18,4,7,9,5,3,1,11,-13,12,-14,3,2,-4,-2,-2
11417,A2,43,48,55,33,59,90,95,77,39,18,5,7,-22,26,31,5,-18,-38,-21
11361,A3,53,45,45,59,45,51,55,47,15,7,-8,0,14,-14,6,4,-8,-32,-8
11370,DM,"",2,"",2,2,"","",3,1,"","","","",0,"","","",-2,""
11432,NB,6,15,10,7,7,11,11,8,4,1,9,-5,-3,0,4,0,-3,-4,-3
11225,A1,3,8,9,2,10,7,14,7,7,4,5,1,-7,8,-3,7,-7,0,-3
11207,DM,7,3,4,19,7,9,7,10,8,1,-4,1,15,-12,2,-2,3,-2,-7
10002,A3,254,251,260,284,247,376,313,224,61,30,-3,9,24,-37,129,-63,-89,-163,-31
11357,A2,83,96,97,150,95,146,154,96,45,18,13,1,53,-55,51,8,-58,-51,-27
11361,PA,6,6,4,3,6,1,1,4,"",1,0,-2,-1,3,-5,0,3,"",""
10171,A1,3,5,4,1,6,7,3,2,"","",2,-1,-3,5,1,-4,-1,"",""
11375,A1,15,23,19,9,12,26,21,11,3,4,8,-4,-10,3,14,-5,-10,-8,1
11235,PA,4,12,6,4,6,3,11,8,3,1,8,-6,-2,2,-3,8,-3,-5,-2
11217,NB,7,2,12,19,18,21,10,10,5,3,-5,10,7,-1,3,-11,0,-5,-2
11233,NB,12,3,21,15,33,29,31,17,11,5,-9,18,-6,18,-4,2,-14,-6,-6
10027,A1,9,12,9,9,7,8,12,6,4,3,3,-3,0,-2,1,4,-6,-2,-1
10009,A2,738,1012,503,478,452,535,553,578,485,278,274,-509,-25,-26,83,18,25,-93,-207
10014,DM,3,6,3,4,3,6,12,9,4,2,3,-3,1,-1,3,6,-3,-5,-2
07077,A2,3,"",8,2,"","",5,1,1,"","","",-6,"","","",-4,0,""
10044,A1,11,9,6,6,6,7,10,9,4,3,-2,-3,0,0,1,3,-1,-5,-1
10005,A3,13,18,29,69,49,42,62,51,19,26,5,11,40,-20,-7,20,-11,-32,7
11375,A2,154,202,196,182,197,185,194,187,165,90,48,-6,-14,15,-12,9,-7,-22,-75
11201,A2,413,506,508,590,693,645,750,683,613,299,93,2,82,103,-48,105,-67,-70,-314
10303,PA,6,1,5,1,2,1,2,4,2,"",-5,4,-4,1,-1,1,2,-2,""
10705,A1,3,"","",1,"","","","","","","","","","","","","","",""
11433,A2,156,147,183,142,185,211,234,232,94,52,-9,36,-41,43,26,23,-2,-138,-42
11223,A2,242,256,292,249,308,325,279,258,122,57,14,36,-43,59,17,-46,-21,-136,-65
10304,A3,67,44,48,52,64,86,70,35,8,6,-23,4,4,12,22,-16,-35,-27,-2
10012,DM,1,"",6,8,3,2,7,2,"","","","",2,-5,-1,5,-5,"",""
11362,A1,12,10,11,11,10,15,8,8,3,"",-2,1,0,-1,5,-7,0,-5,""
10065,NB,"",1,"",2,2,2,5,2,"","","","","",0,0,3,-3,"",""
10065,A1,19,11,16,25,15,17,21,11,9,4,-8,5,9,-10,2,4,-10,-2,-5
11225,PA,7,2,1,4,2,"","",1,1,1,-5,-1,3,-2,"","","",0,0
10474,A3,34,32,31,30,35,33,51,21,9,10,-2,-1,-1,5,-2,18,-30,-12,1
11231,A3,148,140,200,190,286,200,214,176,33,6,-8,60,-10,96,-86,14,-38,-143,-27
11233,PA,2,1,"",1,4,"","","",4,"",-1,"","",3,"","","","",""
10301,NB,13,16,22,14,16,27,35,17,8,3,3,6,-8,2,11,8,-18,-9,-5
11106,A2,150,168,175,173,212,229,189,188,138,68,18,7,-2,39,17,-40,-1,-50,-70
10012,A3,262,326,283,332,333,336,364,307,54,33,64,-43,49,1,3,28,-57,-253,-21
10475,NB,4,3,2,10,5,13,7,2,1,1,-1,-1,8,-5,8,-6,-5,-1,0
10030,DM,1,"",2,2,2,4,4,7,2,1,"","",0,0,2,0,3,-5,-1
10028,PA,4,5,10,10,17,11,9,5,7,10,1,5,0,7,-6,-2,-4,2,3
10803,NB,"","","","","","","","","",1,"","","","","","","","",""
10309,PA,4,3,"",1,2,2,1,1,1,5,-1,"","",1,0,-1,0,0,4
11103,NB,15,6,6,7,7,9,10,8,10,"",-9,0,1,0,2,1,-2,2,""
11374,A2,138,183,177,148,130,170,188,158,104,36,45,-6,-29,-18,40,18,-30,-54,-68
10013,PA,12,6,5,9,7,7,5,4,2,4,-6,-1,4,-2,0,-2,-1,-2,2
10069,A1,2,3,2,2,4,4,6,4,2,1,1,-1,0,2,0,2,-2,-2,-1
10020,A3,61,64,83,72,73,81,99,74,29,28,3,19,-11,1,8,18,-25,-45,-1
11103,A1,46,50,34,26,43,43,29,18,10,6,4,-16,-8,17,0,-14,-11,-8,-4
10009,DM,"",2,3,6,9,12,8,1,1,"","",1,3,3,3,-4,-7,0,""
10014,A1,16,16,17,14,11,12,12,15,8,5,0,1,-3,-3,1,0,3,-7,-3
11204,DM,8,3,16,14,17,18,12,12,3,"",-5,13,-2,3,1,-6,0,-9,""
10005,A1,4,4,5,8,6,9,5,2,8,2,0,1,3,-2,3,-4,-3,6,-6
10018,A3,182,180,195,221,186,190,221,142,44,27,-2,15,26,-35,4,31,-79,-98,-17
10310,A2,123,117,96,116,157,164,155,125,50,18,-6,-21,20,41,7,-9,-30,-75,-32
10308,A2,63,50,65,128,183,175,165,108,41,14,-13,15,63,55,-8,-10,-57,-67,-27
11103,PA,2,5,6,4,10,4,3,12,"",3,3,1,-2,6,-6,-1,9,"",""
10021,A1,23,17,20,28,23,19,24,13,15,6,-6,3,8,-5,-4,5,-11,2,-9
10119,NB,"",3,1,1,4,"","",2,1,3,"",-2,0,3,"","","",-1,2
10029,A3,182,130,145,144,186,258,155,152,32,5,-52,15,-1,42,72,-103,-3,-120,-27
10021,DM,"",7,1,8,2,1,4,1,2,4,"",-6,7,-6,-1,3,-3,1,2
11217,PA,6,6,14,15,14,4,5,9,5,4,0,8,1,-1,-10,1,4,-4,-1
11432,A3,42,42,38,32,46,61,99,48,8,21,0,-4,-6,14,15,38,-51,-40,13
11581,NB,3,2,3,"",1,2,3,1,1,"",-1,1,"","",1,1,-2,0,""
11366,A3,21,26,10,19,37,31,28,20,1,1,5,-16,9,18,-6,-3,-8,-19,0
10311,A2,43,37,42,51,80,128,131,69,24,16,-6,5,9,29,48,3,-62,-45,-8
10038,DM,"","","","",2,1,2,1,"","","","","","",-1,1,-1,"",""
11219,A3,122,89,114,107,121,137,138,146,58,20,-33,25,-7,14,16,1,8,-88,-38
11005,A3,15,11,9,8,4,13,15,4,"","",-4,-2,-1,-4,9,2,-11,"",""
11359,DM,4,3,"",3,3,5,1,"","","",-1,"","",0,2,-4,"","",""
10022,DM,2,6,2,1,"",8,2,1,"","",4,-4,-1,"","",-6,-1,"",""
11414,NB,11,6,3,2,5,6,"",1,3,1,-5,-3,-1,3,1,"","",2,-2
11234,PA,2,"",3,6,3,1,1,"",1,1,"","",3,-3,-2,0,"","",0
10004,PA,1,"","","","","","","","","","","","","","","","","",""
10044,PA,2,4,1,4,3,1,5,"",1,1,2,-3,3,-1,-2,4,"","",0
11421,A2,61,74,67,69,100,90,108,126,37,10,13,-7,2,31,-10,18,18,-89,-27
10314,NB,9,22,26,81,49,17,42,17,3,1,13,4,55,-32,-32,25,-25,-14,-2
11208,A2,89,84,83,92,140,187,205,192,68,31,-5,-1,9,48,47,18,-13,-124,-37
11374,DM,5,12,8,10,9,17,10,2,1,"",7,-4,2,-1,8,-7,-8,-1,""
10019,PA,4,8,25,16,25,7,13,18,13,1,4,17,-9,9,-18,6,5,-5,-12
10009,PA,6,1,1,2,4,2,6,8,11,"",-5,0,1,2,-2,4,2,3,""
11377,A2,140,156,127,139,169,166,170,143,86,46,16,-29,12,30,-3,4,-27,-57,-40
11366,A1,28,37,17,28,31,36,32,23,1,1,9,-20,11,3,5,-4,-9,-22,0
10032,NB,1,1,2,3,2,3,1,1,1,"",0,1,1,-1,1,-2,0,0,""
10474,PA,"",2,1,1,"","",1,2,1,"","",-1,0,"","","",1,-1,""
10020,NB,"","",1,"","",1,"","","","","","","","","","","","",""
10034,A1,7,8,5,9,4,8,10,13,4,1,1,-3,4,-5,4,2,3,-9,-3
10115,DM,2,3,"",2,"","",1,1,"","",1,"","","","","",0,"",""
10312,PA,5,2,1,2,3,"",5,4,3,6,-3,-1,1,1,"","",-1,-1,3
11005,A2,7,14,15,14,24,34,33,20,8,2,7,1,-1,10,10,-1,-13,-12,-6
10022,A1,5,8,3,13,5,9,16,6,6,4,3,-5,10,-8,4,7,-10,0,-2
10308,A3,32,27,36,32,22,32,40,26,12,"",-5,9,-4,-10,10,8,-14,-14,""
10103,A3,108,122,96,118,81,129,92,109,32,9,14,-26,22,-37,48,-37,17,-77,-23
10278,DM,"","","",1,"","",3,"","","","","","","","","","","",""
10171,PA,1,4,1,9,2,4,7,2,4,2,3,-3,8,-7,2,3,-5,2,-2
11209,A2,186,200,192,175,182,206,211,175,69,29,14,-8,-17,7,24,5,-36,-106,-40
11367,A3,34,32,27,18,73,78,28,36,10,3,-2,-5,-9,55,5,-50,8,-26,-7
10006,A3,41,49,66,56,68,53,64,54,27,15,8,17,-10,12,-15,11,-10,-27,-12
10458,A2,168,223,229,261,261,219,245,210,119,64,55,6,32,0,-42,26,-35,-91,-55
11357,NB,35,31,17,16,16,27,47,44,25,5,-4,-14,-1,0,11,20,-3,-19,-20
11237,A3,134,85,131,129,173,283,273,231,79,27,-49,46,-2,44,110,-10,-42,-152,-52
10024,A2,17,15,16,20,19,10,9,30,16,5,-2,1,4,-1,-9,-1,21,-14,-11
11223,A1,46,46,24,37,37,31,43,37,10,5,0,-22,13,0,-6,12,-6,-27,-5
11203,NB,1,4,5,2,3,5,"",1,2,"",3,1,-3,1,2,"","",1,""
10028,A3,252,316,316,321,298,298,331,236,62,38,64,0,5,-23,0,33,-95,-174,-24
11427,A3,14,9,18,6,19,31,14,18,1,2,-5,9,-12,13,12,-17,4,-17,1
11358,A1,33,28,20,22,37,25,41,33,9,5,-5,-8,2,15,-12,16,-8,-24,-4
11411,NB,4,2,15,3,"",2,3,2,"","",-2,13,-12,"","",1,-1,"",""
10458,A1,11,11,16,7,6,10,14,7,4,"",0,5,-9,-1,4,4,-7,-3,""
11228,A1,17,13,18,17,7,18,13,9,2,2,-4,5,-1,-10,11,-5,-4,-7,0
10119,DM,"",1,2,1,7,4,8,5,4,"","",1,-1,6,-3,4,-3,-1,""
11368,DM,30,8,12,21,23,34,41,56,5,"",-22,4,9,2,11,7,15,-51,""
11370,NB,2,2,3,3,"",13,"",1,2,"",0,1,0,"","","","",1,""
11102,A3,112,102,85,85,108,150,147,117,21,11,-10,-17,0,23,42,-3,-30,-96,-10
11221,A2,115,129,132,159,235,329,322,252,112,41,14,3,27,76,94,-7,-70,-140,-71
10065,A3,188,200,225,235,244,228,216,187,37,23,12,25,10,9,-16,-12,-29,-150,-14
11207,A3,110,85,109,131,169,233,159,125,29,16,-25,24,22,38,64,-74,-34,-96,-13
10028,NB,"","",2,2,2,2,4,3,3,"","","",0,0,0,2,-1,0,""
11697,A1,10,10,6,1,9,12,9,9,3,3,0,-4,-5,8,3,-3,0,-6,0
10007,DM,1,"","","","",3,6,4,"","","","","","","",3,-2,"",""
11004,A2,65,73,51,61,68,46,71,69,28,17,8,-22,10,7,-22,25,-2,-41,-11
11415,A3,55,42,51,25,43,80,140,58,11,33,-13,9,-26,18,37,60,-82,-47,22
11419,DM,3,9,4,1,4,3,4,1,7,"",6,-5,-3,3,-1,1,-3,6,""
10803,PA,"","","","","",1,"","","","","","","","","","","","",""
10467,DM,17,14,5,18,12,7,7,4,"",2,-3,-9,13,-6,-5,0,-3,"",""
11106,A1,17,22,24,12,17,15,13,10,5,5,5,2,-12,5,-2,-2,-3,-5,0
11368,A3,63,56,69,70,98,108,127,81,29,8,-7,13,1,28,10,19,-46,-52,-21
10271,A1,2,5,6,5,4,10,4,13,5,2,3,1,-1,-1,6,-6,9,-8,-3
11237,DM,3,4,5,10,34,35,60,37,4,"",1,1,5,24,1,25,-23,-33,""
10012,NB,2,"",2,2,7,8,5,10,2,1,"","",0,5,1,-3,5,-8,-1
10314,A1,16,11,22,23,16,19,21,13,"",2,-5,11,1,-7,3,2,-8,"",""
11004,A3,25,21,12,10,8,10,5,11,1,"",-4,-9,-2,-2,2,-5,6,-10,""
10310,NB,19,8,2,13,15,14,24,14,4,"",-11,-6,11,2,-1,10,-10,-10,""
11230,A1,26,24,31,37,35,20,32,26,10,"",-2,7,6,-2,-15,12,-6,-16,""
11234,A1,9,11,15,16,13,12,10,6,"","",2,4,1,-3,-1,-2,-4,"",""
10302,A2,45,36,40,50,59,70,54,32,19,9,-9,4,10,9,11,-16,-22,-13,-10
11364,A3,32,17,15,22,27,26,21,23,2,5,-15,-2,7,5,-1,-5,2,-21,3
10462,A3,61,47,48,60,66,68,75,41,11,4,-14,1,12,6,2,7,-34,-30,-7
11215,A3,138,140,148,173,175,215,279,160,57,17,2,8,25,2,40,64,-119,-103,-40
11369,DM,2,11,12,6,12,13,21,12,4,"",9,1,-6,6,1,8,-9,-8,""
11432,DM,11,9,9,11,14,9,11,3,"","",-2,0,2,3,-5,2,-8,"",""
11212,A1,8,11,7,4,9,12,8,11,7,2,3,-4,-3,5,3,-4,3,-4,-5
11001,NB,2,1,5,1,"",2,"",1,1,"",-1,4,-4,"","","","",0,""
11228,NB,4,7,11,2,6,2,8,5,4,"",3,4,-9,4,-4,6,-3,-1,""
11228,A3,36,33,18,36,28,34,30,28,7,4,-3,-15,18,-8,6,-4,-2,-21,-3
11354,NB,25,22,19,34,30,18,18,15,6,2,-3,-3,15,-4,-12,0,-3,-9,-4
11369,A2,114,83,119,102,94,109,118,130,54,18,-31,36,-17,-8,15,9,12,-76,-36
11691,NB,2,3,6,2,6,10,12,15,2,1,1,3,-4,4,4,2,3,-13,-1
11356,PA,"","",3,6,17,"","","",1,1,"","",3,11,"","","","",0
10153,DM,"",4,3,6,3,2,1,1,2,"","",-1,3,-3,-1,-1,0,1,""
11369,NB,11,12,11,12,3,14,9,13,5,1,1,-1,1,-9,11,-5,4,-8,-4
10013,A1,8,19,14,18,17,14,18,5,10,4,11,-5,4,-1,-3,4,-13,5,-6
11362,A3,10,14,18,9,13,16,9,7,3,1,4,4,-9,4,3,-7,-2,-4,-2
10302,DM,3,"",3,5,2,9,1,4,"","","","",2,-3,7,-8,3,"",""
10465,PA,3,1,4,"","",1,2,2,1,"",-2,3,"","","",1,0,-1,""
10037,A2,126,99,143,131,134,205,169,142,122,69,-27,44,-12,3,71,-36,-27,-20,-53
11427,DM,3,"",3,2,3,2,4,1,"","","","",-1,1,-1,2,-3,"",""
"",PA,2,4,"",4,3,2,1,27,67,64,2,"","",-1,-1,-1,26,40,-3
10103,A2,506,651,739,698,781,790,745,650,609,348,145,88,-41,83,9,-45,-95,-41,-261
10457,DM,3,3,3,5,4,10,11,20,9,1,0,0,2,-1,6,1,9,-11,-8
10001,PA,20,11,20,17,22,18,28,31,21,9,-9,9,-3,5,-4,10,3,-10,-12
10110,DM,2,6,1,3,2,10,11,6,"","",4,-5,2,-1,8,1,-5,"",""
11436,DM,5,7,6,9,9,1,7,9,2,"",2,-1,3,0,-8,6,2,-7,""
10044,A2,306,297,277,320,292,318,320,321,280,128,-9,-20,43,-28,26,2,1,-41,-152
11367,A1,20,21,29,13,22,24,20,15,3,"",1,8,-16,9,2,-4,-5,-12,""
10005,A2,185,330,294,517,363,337,298,267,309,172,145,-36,223,-154,-26,-39,-31,42,-137
11229,A2,197,178,198,196,241,307,388,285,111,51,-19,20,-2,45,66,81,-103,-174,-60
10475,A1,7,3,5,8,7,1,4,6,3,2,-4,2,3,-1,-6,3,2,-3,-1
10003,A3,265,320,379,311,254,226,271,245,50,34,55,59,-68,-57,-28,45,-26,-195,-16
11233,DM,5,4,5,8,12,22,13,12,3,5,-1,1,3,4,10,-9,-1,-9,2
11419,NB,5,4,9,7,"",5,1,2,1,3,-1,5,-2,"","",-4,1,-1,2
10007,A1,6,6,3,6,8,5,6,13,6,3,0,-3,3,2,-3,1,7,-7,-3
11385,NB,1,1,3,"",1,2,2,2,1,1,0,2,"","",1,0,0,-1,0
10028,A1,12,19,24,22,23,17,25,17,7,9,7,5,-2,1,-6,8,-8,-10,2
11428,PA,"",3,"",6,1,2,2,1,1,"","","","",-5,1,0,-1,0,""
11210,A3,116,88,82,87,73,158,118,94,20,7,-28,-6,5,-14,85,-40,-24,-74,-13
11361,A1,15,23,26,22,22,27,26,21,9,1,8,3,-4,0,5,-1,-5,-12,-8
10011,A1,53,56,45,60,44,59,39,43,49,21,3,-11,15,-16,15,-20,4,6,-28
10278,A3,98,109,108,157,147,131,118,83,20,16,11,-1,49,-10,-16,-13,-35,-63,-4
10280,A3,13,12,14,9,11,9,13,9,4,"",-1,2,-5,2,-2,4,-4,-5,""
11357,A3,54,55,39,45,40,43,44,38,11,5,1,-16,6,-5,3,1,-6,-27,-6
11423,A2,76,57,58,49,56,75,88,70,29,11,-19,1,-9,7,19,13,-18,-41,-18
11106,DM,9,11,7,20,25,20,19,4,4,"",2,-4,13,5,-5,-1,-15,0,""
10162,A1,17,22,15,18,21,23,15,15,9,5,5,-7,3,3,2,-8,0,-6,-4
11216,A2,150,150,186,222,285,369,416,305,168,71,0,36,36,63,84,47,-111,-137,-97
11207,PA,5,4,5,4,10,3,1,1,5,"",-1,1,-1,6,-7,-2,0,4,""
11693,DM,1,"",2,1,13,6,21,11,"","","","",-1,12,-7,15,-10,"",""
10154,DM,"",1,7,"","",3,"","","","","",6,"","","","","","",""
10018,A2,557,560,544,561,617,599,589,624,431,261,3,-16,17,56,-18,-10,35,-193,-170
10471,A1,7,6,5,5,5,7,6,7,5,1,-1,-1,0,0,2,-1,1,-2,-4
11374,NB,7,2,10,8,7,3,12,1,"",1,-5,8,-2,-1,-4,9,-11,"",""
11367,PA,3,3,2,2,2,"",4,1,"",1,0,-1,0,0,"","",-3,"",""
10470,A1,5,6,4,9,6,2,4,6,1,1,1,-2,5,-3,-4,2,2,-5,0
10026,A2,204,193,223,298,347,391,356,296,225,108,-11,30,75,49,44,-35,-60,-71,-117
10282,PA,2,"",11,1,1,3,10,5,"","","","",-10,0,2,7,-5,"",""
11430,NB,7,5,7,5,6,9,15,3,"","",-2,2,-2,1,3,6,-12,"",""
10474,A1,5,11,10,8,7,11,6,5,4,1,6,-1,-2,-1,4,-5,-1,-1,-3
10454,A3,79,59,78,68,83,50,95,73,14,5,-20,19,-10,15,-33,45,-22,-59,-9
11358,A3,61,54,48,37,55,69,59,61,18,3,-7,-6,-11,18,14,-10,2,-43,-15
10031,PA,1,3,"",4,1,"",2,2,"","",2,"","",-3,"","",0,"",""
10306,A3,72,67,65,61,71,98,74,62,12,3,-5,-2,-4,10,27,-24,-12,-50,-9
11226,NB,1,5,5,6,5,14,8,21,6,2,4,0,1,-1,9,-6,13,-15,-4
10310,A3,47,33,46,28,50,53,38,45,8,5,-14,13,-18,22,3,-15,7,-37,-3
11218,NB,3,8,7,10,16,19,12,10,8,4,5,-1,3,6,3,-7,-2,-2,-4
10115,A2,82,90,97,93,126,100,114,82,84,41,8,7,-4,33,-26,14,-32,2,-43
10199,DM,4,22,9,14,7,15,3,19,3,8,18,-13,5,-7,8,-12,16,-16,5
10473,A3,97,45,18,36,30,54,32,25,16,2,-52,-27,18,-6,24,-22,-7,-9,-14
10006,DM,"","","",2,2,3,"",1,"","","","","",0,1,"","","",""
11411,A1,13,19,19,11,9,17,7,10,5,1,6,0,-8,-2,8,-10,3,-5,-4
11235,A2,180,192,198,320,261,265,273,247,150,56,12,6,122,-59,4,8,-26,-97,-94
10034,PA,5,7,7,10,5,"",2,5,13,5,2,0,3,-5,"","",3,8,-8
10278,PA,10,8,4,3,2,2,5,11,"",4,-2,-4,-1,-1,0,3,6,"",""
10457,NB,3,3,4,7,2,5,12,3,8,3,0,1,3,-5,3,7,-9,5,-5
10462,DM,3,5,4,1,3,3,7,5,1,"",2,-1,-3,2,0,4,-2,-4,""
10305,PA,"",6,4,"","",2,1,1,1,"","",-2,"","","",-1,0,0,""
11214,NB,6,8,6,8,7,9,4,6,3,"",2,-2,2,-1,2,-5,2,-3,""
11237,NB,19,6,19,17,35,27,40,37,18,2,-13,13,-2,18,-8,13,-3,-19,-16
10455,A3,47,69,57,76,59,54,54,57,16,2,22,-12,19,-17,-5,0,3,-41,-14
11414,A3,20,10,18,9,12,19,16,7,6,1,-10,8,-9,3,7,-3,-9,-1,-5
11217,A1,31,48,54,57,50,48,51,47,17,10,17,6,3,-7,-2,3,-4,-30,-7
11005,DM,6,5,1,3,2,13,10,2,"","",-1,-4,2,-1,11,-3,-8,"",""
11430,DM,4,"",2,2,4,8,9,1,"","","","",0,2,4,1,-8,"",""
11217,DM,11,3,5,8,20,27,8,5,8,1,-8,2,3,12,7,-19,-3,3,-7
10034,A2,236,205,208,288,276,325,375,332,264,131,-31,3,80,-12,49,50,-43,-68,-133
11203,DM,"",8,1,2,5,2,3,3,"","","",-7,1,3,-3,1,0,"",""
11693,A2,9,10,7,11,8,23,42,101,20,13,1,-3,4,-3,15,19,59,-81,-7
10550,A1,"","","","","",1,"","","","","","","","","","","","",""
10003,A2,892,957,898,976,1027,974,1011,1020,884,508,65,-59,78,51,-53,37,9,-136,-376
11201,A3,214,196,231,246,288,330,297,227,51,29,-18,35,15,42,42,-33,-70,-176,-22
11355,A3,101,116,133,103,79,118,128,95,46,19,15,17,-30,-24,39,10,-33,-49,-27
11228,A2,132,105,115,156,132,198,200,139,51,18,-27,10,41,-24,66,2,-61,-88,-33
10016,PA,4,9,5,11,7,4,2,"",10,4,5,-4,6,-4,-3,-2,"","",-6
10304,A1,25,22,25,24,15,23,38,26,6,4,-3,3,-1,-9,8,15,-12,-20,-2
11206,A1,13,9,21,22,19,23,37,24,12,6,-4,12,1,-3,4,14,-13,-12,-6
10469,DM,2,5,9,5,9,10,10,2,4,"",3,4,-4,4,1,0,-8,2,""
11365,DM,7,5,12,3,5,15,19,9,2,"",-2,7,-9,2,10,4,-10,-7,""
10035,A2,152,127,117,158,146,189,153,184,107,53,-25,-10,41,-12,43,-36,31,-77,-54
11419,A3,43,27,35,22,24,22,28,20,9,4,-16,8,-13,2,-2,6,-8,-11,-5
11223,A3,161,143,124,65,90,114,105,97,30,8,-18,-19,-59,25,24,-9,-8,-67,-22
10021,A2,691,832,857,915,922,887,822,737,736,386,141,25,58,7,-35,-65,-85,-1,-350
10167,DM,"",2,"",2,"","",5,"","","","","","","","","","","",""
11101,NB,1,2,4,3,5,12,9,3,5,1,1,2,-1,2,7,-3,-6,2,-4
10023,DM,"",2,"","",5,6,"",3,1,3,"","","","",1,"","",-2,2
10461,NB,1,4,6,5,2,6,4,2,"","",3,2,-1,-3,4,-2,-2,"",""
10037,PA,2,1,4,5,3,1,6,2,"","",-1,3,1,-2,-2,5,-4,"",""
10005,NB,"","",2,"","",1,2,1,"",1,"","","","","",1,-1,"",""
10017,A3,122,150,148,179,166,160,155,156,42,13,28,-2,31,-13,-6,-5,1,-114,-29
10305,A2,108,84,162,149,160,171,194,193,69,29,-24,78,-13,11,11,23,-1,-124,-40
11377,A3,56,60,38,48,60,60,69,47,16,9,4,-22,10,12,0,9,-22,-31,-7
11371,A2,10,24,22,22,22,28,32,32,13,4,14,-2,0,0,6,4,0,-19,-9
10027,DM,25,10,6,5,11,6,7,2,2,"",-15,-4,-1,6,-5,1,-5,0,""
11102,NB,13,12,17,10,12,25,15,9,14,3,-1,5,-7,2,13,-10,-6,5,-11
11694,NB,4,4,4,10,12,17,14,11,4,2,0,0,6,2,5,-3,-3,-7,-2
10162,DM,"","",1,"","","",5,2,1,"","","","","","","",-3,-1,""
10110,A3,144,123,157,168,133,225,186,144,45,27,-21,34,11,-35,92,-39,-42,-99,-18
10471,PA,3,1,2,1,3,1,"","",4,1,-2,1,-1,2,-2,"","","",-3
10301,A2,110,107,130,124,159,148,181,150,78,74,-3,23,-6,35,-11,33,-31,-72,-4
10006,PA,7,10,7,3,5,9,16,8,3,2,3,-3,-4,2,4,7,-8,-5,-1
11369,PA,5,5,6,4,2,5,1,1,1,1,0,1,-2,-2,3,-4,0,0,0
10454,NB,1,"",2,8,1,6,6,3,1,"","","",6,-7,5,0,-3,-2,""
10458,A3,134,114,74,85,117,115,133,83,31,13,-20,-40,11,32,-2,18,-50,-52,-18
11435,A2,125,153,153,115,142,150,152,161,104,51,28,0,-38,27,8,2,9,-57,-53
11238,A1,38,45,43,48,48,48,73,41,21,9,7,-2,5,0,0,25,-32,-20,-12
11362,PA,3,"",4,"","","",1,1,"","","","","","","","",0,"",""
10451,NB,5,3,1,1,1,6,2,4,4,1,-2,-2,0,0,5,-4,2,0,-3
11103,DM,9,5,8,11,14,13,25,10,5,1,-4,3,3,3,-1,12,-15,-5,-4
11372,A2,259,246,269,231,302,311,304,259,165,78,-13,23,-38,71,9,-7,-45,-94,-87
10462,A2,103,121,129,148,155,158,211,143,67,48,18,8,19,7,3,53,-68,-76,-19
11691,DM,8,7,9,4,7,7,11,6,1,2,-1,2,-5,3,0,4,-5,-5,1
11426,DM,3,9,9,7,3,2,5,4,3,1,6,0,-2,-4,-1,3,-1,-1,-2
11371,A3,7,10,10,4,13,18,20,4,3,2,3,0,-6,9,5,2,-16,-1,-1
11692,PA,3,5,"","",3,1,1,2,"","",2,"","","",-2,0,1,"",""
11379,NB,18,7,2,8,14,9,4,2,7,"",-11,-5,6,6,-5,-5,-2,5,""
11216,DM,10,4,6,4,5,26,22,7,2,2,-6,2,-2,1,21,-4,-15,-5,0
11213,A2,127,122,144,128,188,245,281,207,107,52,-5,22,-16,60,57,36,-74,-100,-55
10454,PA,1,2,3,"",1,3,1,1,"","",1,1,"","",2,-2,0,"",""
11369,A3,47,27,41,59,37,50,59,62,11,3,-20,14,18,-22,13,9,3,-51,-8
11364,A1,14,19,21,20,23,15,16,12,1,1,5,2,-1,3,-8,1,-4,-11,0
11417,PA,"",3,"",5,2,"",2,4,"","","","","",-3,"","",2,"",""
10282,NB,"","","","","","",1,"","","","","","","","","","","",""
11432,A1,14,19,18,18,20,24,24,11,4,2,5,-1,0,2,4,0,-13,-7,-2
11238,A3,140,130,138,136,256,243,246,233,51,11,-10,8,-2,120,-13,3,-13,-182,-40
11229,A3,110,55,84,92,137,139,87,65,20,10,-55,29,8,45,2,-52,-22,-45,-10
10030,A1,14,23,21,13,21,23,20,17,7,3,9,-2,-8,8,2,-3,-3,-10,-4
11236,A2,100,96,84,103,127,143,219,166,84,28,-4,-12,19,24,16,76,-53,-82,-56
10019,NB,1,3,2,2,3,4,3,3,2,2,2,-1,0,1,1,-1,0,-1,0
11224,DM,8,6,10,19,10,11,10,8,2,1,-2,4,9,-9,1,-1,-2,-6,-1
11213,A1,18,14,23,18,20,25,32,25,10,6,-4,9,-5,2,5,7,-7,-15,-4
10006,A2,211,218,306,368,511,532,390,346,330,220,7,88,62,143,21,-142,-44,-16,-110
11210,PA,8,4,9,7,9,2,3,"",12,4,-4,5,-2,2,-7,1,"","",-8
11223,PA,4,14,5,4,9,13,5,2,1,2,10,-9,-1,5,4,-8,-3,-1,1
10467,A1,10,14,14,10,8,8,10,5,5,4,4,0,-4,-2,0,2,-5,0,-1
10017,DM,"",1,"",3,1,12,4,1,4,"","","","",-2,11,-8,-3,3,""
10022,A3,109,94,116,116,94,145,150,104,28,19,-15,22,0,-22,51,5,-46,-76,-9
10111,A1,"",4,9,7,9,8,5,10,4,2,"",5,-2,2,-1,-3,5,-6,-2
11364,DM,10,7,8,8,8,7,6,9,"","",-3,1,0,0,-1,-1,3,"",""
11219,PA,5,10,10,8,5,7,7,7,11,2,5,0,-2,-3,2,0,0,4,-9
10304,PA,7,2,2,3,3,2,1,3,2,1,-5,0,1,0,-1,-1,2,-1,-1
11355,PA,2,6,7,5,7,7,11,15,7,"",4,1,-2,2,0,4,4,-8,""
10309,A1,10,8,11,9,10,7,8,4,2,"",-2,3,-2,1,-3,1,-4,-2,""
10032,A2,240,262,266,381,375,378,362,393,305,150,22,4,115,-6,3,-16,31,-88,-155
10003,PA,17,25,20,15,10,6,10,22,10,4,8,-5,-5,-5,-4,4,12,-12,-6
10465,A3,60,29,16,27,35,49,23,42,5,1,-31,-13,11,8,14,-26,19,-37,-4
11427,NB,3,1,3,1,3,4,"",2,1,1,-2,2,-2,2,1,"","",-1,0
"",DM,17,10,11,40,21,18,51,704,1470,791,-7,1,29,-19,-3,33,653,766,-679
10030,NB,3,2,3,1,1,4,2,3,"","",-1,1,-2,0,3,-2,1,"",""
11216,A1,22,28,24,38,40,52,71,45,24,7,6,-4,14,2,12,19,-26,-21,-17
11363,A3,24,14,12,23,25,17,17,7,4,3,-10,-2,11,2,-8,0,-10,-3,-1
11429,A1,7,3,8,7,13,7,9,5,1,"",-4,5,-1,6,-6,2,-4,-4,""
10309,NB,59,106,45,49,67,42,48,45,12,1,47,-61,4,18,-25,6,-3,-33,-11
10457,PA,7,4,"",2,1,3,"",1,"","",-3,"","",-1,2,"","","",""
11096,A1,"","",1,"","",1,"",1,"","","","","","","","","","",""
11101,DM,1,6,6,17,19,15,7,11,1,1,5,0,11,2,-4,-8,4,-10,0
11355,A2,326,334,259,307,329,433,347,379,238,110,8,-75,48,22,104,-86,32,-141,-128
11212,A3,82,50,49,39,39,97,60,41,19,5,-32,-1,-10,0,58,-37,-19,-22,-14
11378,DM,6,12,15,2,11,10,2,6,2,3,6,3,-13,9,-1,-8,4,-4,1
10034,DM,"",1,"",1,3,"",3,"",1,"","","","",2,"","","","",""
11351,A2,24,23,22,34,26,37,30,24,15,8,-1,-1,12,-8,11,-7,-6,-9,-7
11426,A2,62,62,58,53,62,77,146,75,33,17,0,-4,-5,9,15,69,-71,-42,-16
10452,DM,"",2,3,2,2,2,3,10,4,1,"",1,-1,0,0,1,7,-6,-3
11411,PA,1,"",1,"",1,1,1,2,"","","","","","",0,0,1,"",""
11366,A2,63,58,68,65,100,103,118,74,47,29,-5,10,-3,35,3,15,-44,-27,-18
10044,DM,"",3,"",2,1,8,9,1,1,7,"","","",-1,7,1,-8,0,6
11423,DM,7,4,4,5,4,4,4,1,1,2,-3,0,1,-1,0,0,-3,0,1
10026,DM,"","",2,"",3,2,7,6,"",2,"","","","",-1,5,-1,"",""
11363,PA,3,"","","","",2,2,1,"","","","","","","",0,-1,"",""
10453,NB,13,1,4,6,3,3,6,2,3,1,-12,3,2,-3,0,3,-4,1,-2
10017,NB,1,1,3,1,3,2,2,1,2,1,0,2,-2,2,-1,0,-1,1,-1
11096,A3,4,3,26,"",16,2,"",18,"","",-1,23,"","",-14,"","","",""
11211,A2,427,445,468,510,560,599,639,568,373,168,18,23,42,50,39,40,-71,-195,-205
11364,A2,33,63,53,66,67,84,90,59,24,13,30,-10,13,1,17,6,-31,-35,-11
10039,DM,1,3,"",1,1,2,2,"",2,"",2,"","",0,1,0,"","",""
11692,DM,3,17,"",3,6,4,16,9,2,"",14,"","",3,-2,12,-7,-7,""
10020,PA,22,12,7,9,21,19,13,18,11,2,-10,-5,2,12,-2,-6,5,-7,-9
10016,DM,"",3,1,"",2,"",1,"",3,"","",-2,"","","","","","",""
10038,A1,6,3,3,4,3,9,8,5,"",1,-3,0,1,-1,6,-1,-3,"",""
11201,DM,2,1,8,14,9,14,8,3,4,1,-1,7,6,-5,5,-6,-5,1,-3
10464,DM,"",1,6,1,2,"",4,2,"","","",5,-5,1,"","",-2,"",""
11385,A1,15,19,14,9,12,12,15,9,3,2,4,-5,-5,3,0,3,-6,-6,-1
10103,A1,6,9,6,4,9,8,14,5,10,4,3,-3,-2,5,-1,6,-9,5,-6
10459,DM,6,3,3,17,8,1,6,9,1,1,-3,0,14,-9,-7,5,3,-8,0
11225,A3,62,41,41,35,77,113,102,72,16,5,-21,0,-6,42,36,-11,-30,-56,-11
10459,A1,6,9,8,8,6,8,12,13,3,6,3,-1,0,-2,2,4,1,-10,3
10470,NB,7,6,4,7,7,3,"",2,"",1,-1,-2,3,0,-4,"","","",""
11228,DM,4,15,3,6,4,4,7,4,"","",11,-12,3,-2,0,3,-3,"",""
11379,A2,91,89,98,109,92,88,114,93,32,9,-2,9,11,-17,-4,26,-21,-61,-23
10309,A3,38,39,45,31,40,47,35,17,7,1,1,6,-14,9,7,-12,-18,-10,-6
11215,A1,42,43,48,48,47,51,50,35,18,10,1,5,0,-1,4,-1,-15,-17,-8
10005,DM,"","","","",2,"",3,"",2,"","","","","","","","","",""
11365,A3,33,24,16,44,27,31,31,18,4,3,-9,-8,28,-17,4,0,-13,-14,-1
11216,A3,105,69,92,121,131,182,246,156,27,11,-36,23,29,10,51,64,-90,-129,-16
10152,PA,3,5,2,1,"","",4,6,1,"",2,-3,-1,"","","",2,-5,""
11418,DM,3,3,1,4,4,1,"",2,1,1,0,-2,3,0,-3,"","",-1,0
11005,NB,4,7,3,7,6,9,15,5,1,"",3,-4,4,-1,3,6,-10,-4,""
11210,NB,13,8,3,7,2,23,12,16,5,2,-5,-5,4,-5,21,-11,4,-11,-3
10455,A2,74,85,95,117,141,115,112,111,60,34,11,10,22,24,-26,-3,-1,-51,-26
11372,NB,13,8,3,7,6,4,4,10,3,1,-5,-5,4,-1,-2,0,6,-7,-2
11418,A1,8,14,12,9,9,4,12,3,"",1,6,-2,-3,0,-5,8,-9,"",""
11210,A1,37,33,26,28,30,22,27,13,7,1,-4,-7,2,2,-8,5,-14,-6,-6
11420,A2,65,68,60,86,95,85,138,123,48,16,3,-8,26,9,-10,53,-15,-75,-32
10472,PA,1,4,2,3,1,3,"",4,2,"",3,-2,1,-2,2,"","",-2,""
11379,PA,1,6,5,1,1,"","",1,2,"",5,-1,-4,0,"","","",1,""
11105,PA,2,1,3,2,"",4,1,1,2,"",-1,2,-1,"","",-3,0,1,""
10110,A1,10,18,9,18,20,14,21,15,15,6,8,-9,9,2,-6,7,-6,0,-9
11211,PA,8,12,10,16,15,19,11,15,9,3,4,-2,6,-1,4,-8,4,-6,-6
10023,PA,8,11,12,13,17,15,6,6,4,3,3,1,1,4,-2,-9,0,-2,-1
11417,DM,1,5,2,3,1,1,"",3,2,"",4,-3,1,-2,0,"","",-1,""
11201,NB,2,2,5,14,10,7,4,9,1,"",0,3,9,-4,-3,-3,5,-8,""
11220,NB,3,5,7,3,6,4,3,6,1,3,2,2,-4,3,-2,-1,3,-5,2
07008,A1,"","","","","",1,"","","","","","","","","","","","",""
10458,DM,"",4,8,9,9,3,17,3,1,1,"",4,1,0,-6,14,-14,-2,0
10305,DM,10,14,12,19,19,10,19,22,4,"",4,-2,7,0,-9,9,3,-18,""
11351,A3,13,11,11,10,12,11,16,10,3,1,-2,0,-1,2,-1,5,-6,-7,-2
10472,A3,63,43,50,40,33,99,60,77,21,5,-20,7,-10,-7,66,-39,17,-56,-16
11427,A1,13,16,11,16,6,8,15,8,1,2,3,-5,5,-10,2,7,-7,-7,1
11239,A3,62,42,34,34,52,63,29,42,7,2,-20,-8,0,18,11,-34,13,-35,-5
11351,NB,"","",2,"",1,"",1,"",1,"","","","","","","","","",""
11231,A1,51,45,54,52,49,54,61,46,19,8,-6,9,-2,-3,5,7,-15,-27,-11
11436,NB,11,7,12,12,15,3,15,18,6,"",-4,5,0,3,-12,12,3,-12,""
10006,A1,4,2,8,4,11,11,12,6,4,2,-2,6,-4,7,0,1,-6,-2,-2
11436,A3,28,15,21,20,28,29,29,14,5,3,-13,6,-1,8,1,0,-15,-9,-2
11509,DM,1,1,1,"","","",1,"","",1,0,0,"","","","","","",""
10304,NB,31,26,20,26,46,28,38,37,15,3,-5,-6,6,20,-18,10,-1,-22,-12
11358,A2,154,143,149,127,156,177,204,181,83,34,-11,6,-22,29,21,27,-23,-98,-49
10103,NB,1,2,2,1,"",3,"","",1,"",1,0,-1,"","","","","",""
10471,A2,59,70,66,57,78,88,85,70,40,24,11,-4,-9,21,10,-3,-15,-30,-16
11367,NB,4,1,6,6,6,2,7,2,3,2,-3,5,0,0,-4,5,-5,1,-1
10468,A3,142,123,119,116,132,134,132,125,37,6,-19,-4,-3,16,2,-2,-7,-88,-31
11236,DM,4,1,10,5,6,1,5,2,"",1,-3,9,-5,1,-5,4,-3,"",""
10115,A3,41,25,36,30,28,36,44,37,9,5,-16,11,-6,-2,8,8,-7,-28,-4
10465,NB,2,2,11,7,7,6,21,14,1,"",0,9,-4,0,-1,15,-7,-13,""
11231,NB,5,10,20,15,17,18,41,17,7,1,5,10,-5,2,1,23,-24,-10,-6
11213,NB,5,1,1,9,11,16,13,7,3,5,-4,0,8,2,5,-3,-6,-4,2
11212,A2,95,135,97,89,78,199,230,147,73,25,40,-38,-8,-11,121,31,-83,-74,-48
10016,A1,7,3,4,5,10,1,7,5,2,4,-4,1,1,5,-9,6,-2,-3,2
10038,A3,58,53,48,63,51,87,60,50,19,4,-5,-5,15,-12,36,-27,-10,-31,-15
10152,NB,"","","","","","","",1,"","","","","","","","","","",""
11691,A3,42,26,33,24,49,52,62,32,23,3,-16,7,-9,25,3,10,-30,-9,-20
11001,A1,1,4,2,1,2,2,3,2,"","",3,-2,-1,1,0,1,-1,"",""
10306,PA,5,3,1,2,2,"",2,1,"",2,-2,-2,1,0,"","",-1,"",""
11201,A1,29,27,34,22,34,26,26,31,24,8,-2,7,-12,12,-8,0,5,-7,-16
07008,A2,"",4,"",1,"",2,"","","","","","","","","","","","",""
11365,PA,7,"",3,6,"","","",1,1,2,"","",3,"","","","",0,1
10471,NB,4,6,1,5,3,6,2,2,1,3,2,-5,4,-2,3,-4,0,-1,2
11215,NB,6,4,7,7,15,11,15,14,6,2,-2,3,0,8,-4,4,-1,-8,-4
11236,A3,79,47,55,44,48,78,58,21,10,2,-32,8,-11,4,30,-20,-37,-11,-8
10014,A2,314,350,360,361,338,404,429,394,365,172,36,10,1,-23,66,25,-35,-29,-193
11212,NB,8,9,3,1,1,3,1,1,2,"",1,-6,-2,0,2,-2,0,1,""
10154,PA,6,2,5,"",1,2,3,1,1,"",-4,3,"","",1,1,-2,0,""
11001,DM,1,"",3,"",8,"","","","","","","","","","","","","",""
10472,A2,67,101,83,98,103,114,161,123,81,30,34,-18,15,5,11,47,-38,-42,-51
10032,DM,"","",4,2,1,2,1,1,"","","","",-2,-1,1,-1,0,"",""
11516,NB,"",1,"","","","","",1,"","","","","","","","","","",""
10803,A2,"",3,4,2,1,1,3,4,1,"","",1,-2,-1,0,2,1,-3,""
10011,DM,1,6,8,2,14,5,6,3,5,7,5,2,-6,12,-9,1,-3,2,2
11427,PA,1,"",1,2,"",1,"",2,"",2,"","",1,"","","","","",""
11365,NB,38,11,11,5,8,13,13,13,2,"",-27,0,-6,3,5,0,0,-11,""
11228,PA,5,4,1,3,1,1,3,"",1,"",-1,-3,2,-2,0,2,"","",""
10171,DM,"","","","",2,"","","","","","","","","","","","","",""
10035,DM,"",1,5,4,4,1,5,5,1,"","",4,-1,0,-3,4,0,-4,""
11417,A3,16,34,21,21,33,28,17,16,3,"",18,-13,0,12,-5,-11,-1,-13,""
10469,A1,12,22,19,14,13,16,8,12,5,3,10,-3,-5,-1,3,-8,4,-7,-2
10154,A2,192,248,206,275,258,237,251,234,164,121,56,-42,69,-17,-21,14,-17,-70,-43
11205,NB,10,4,17,17,23,39,14,16,5,"",-6,13,0,6,16,-25,2,-11,""
10466,NB,16,8,10,9,13,7,12,16,5,"",-8,2,-1,4,-6,5,4,-11,""
11357,PA,"","",2,"","",6,2,1,3,"","","","","","",-4,-1,2,""
11109,A3,70,67,74,82,96,88,171,105,27,9,-3,7,8,14,-8,83,-66,-78,-18
10119,A2,388,494,443,446,470,463,513,570,487,286,106,-51,3,24,-7,50,57,-83,-201
11206,NB,9,18,18,26,30,53,23,32,15,2,9,0,8,4,23,-30,9,-17,-13
11223,NB,14,24,18,23,13,15,17,23,7,1,10,-6,5,-10,2,2,6,-16,-6
11373,DM,19,17,20,25,16,19,51,13,7,1,-2,3,5,-9,3,32,-38,-6,-6
10474,DM,1,1,"",1,4,"",4,1,"","",0,"","",3,"","",-3,"",""
11385,PA,1,5,"",1,1,"",3,1,1,3,4,"","",0,"","",-2,0,2
10451,DM,"",8,5,"",1,4,4,"",2,"","",-3,"","",3,0,"","",""
11423,PA,1,"","","","",3,"",3,1,"","","","","","","","",-2,""
11231,A2,295,303,359,363,411,339,370,304,231,107,8,56,4,48,-72,31,-66,-73,-124
11692,A3,53,18,46,33,29,42,143,54,6,"",-35,28,-13,-4,13,101,-89,-48,""
10465,A1,12,15,19,16,11,8,15,6,5,1,3,4,-3,-5,-3,7,-9,-1,-4
10469,NB,10,8,18,14,10,13,9,7,"",1,-2,10,-4,-4,3,-4,-2,"",""
10069,DM,"","",1,"","","","","","","","","","","","","","","",""
10001,A1,32,29,41,36,32,38,47,39,21,13,-3,12,-5,-4,6,9,-8,-18,-8
11221,A1,15,23,21,18,35,39,38,42,17,3,8,-2,-3,17,4,-1,4,-25,-14
11219,A1,49,56,40,61,47,45,55,42,13,2,7,-16,21,-14,-2,10,-13,-29,-11
10309,A2,85,109,70,135,243,234,210,144,74,21,24,-39,65,108,-9,-24,-66,-70,-53
10472,DM,4,5,8,8,"",3,3,"","","",1,3,0,"","",0,"","",""
10119,A3,55,100,105,92,80,97,109,78,21,8,45,5,-13,-12,17,12,-31,-57,-13
11208,A3,60,56,47,64,118,176,82,89,17,10,-4,-9,17,54,58,-94,7,-72,-7
11422,NB,"",1,"","",1,"",3,1,5,1,"","","","","","",-2,4,-4
10475,A2,58,60,63,89,252,116,94,87,53,44,2,3,26,163,-136,-22,-7,-34,-9
11101,A2,123,122,112,162,154,228,219,228,202,92,-1,-10,50,-8,74,-9,9,-26,-110
11379,DM,10,6,6,9,2,8,1,7,"","",-4,0,3,-7,6,-7,6,"",""
10467,PA,"",3,5,3,"",2,7,2,2,2,"",2,-2,"","",5,-5,0,0
10162,NB,"","","",1,"","","",1,1,"","","","","","","","",0,""
10111,PA,2,6,7,3,4,7,3,3,3,3,4,1,-4,1,3,-4,0,0,0
11204,A3,78,45,69,54,47,66,80,63,27,9,-33,24,-15,-7,19,14,-17,-36,-18
10029,A2,251,301,310,379,342,392,283,307,280,120,50,9,69,-37,50,-109,24,-27,-160
10112,A1,2,"",1,"",2,"",1,2,2,3,"","","","","","",1,0,1
10001,A2,1163,1442,1658,1782,1860,1817,1708,1630,1544,847,279,216,124,78,-43,-109,-78,-86,-697
10016,A3,61,62,83,98,78,81,66,67,18,5,1,21,15,-20,3,-15,1,-49,-13
10152,A1,3,2,2,3,3,5,7,5,3,1,-1,0,1,0,2,2,-2,-2,-2
11430,PA,"","",2,"","","","",1,"","","","","","","","","","",""
10469,PA,3,"",4,2,4,2,1,2,"","","","",-2,2,-2,-1,1,"",""
11371,A1,4,6,3,5,8,9,6,1,2,1,2,-3,2,3,1,-3,-5,1,-1
11694,PA,"",3,8,"","","","",2,"","","",5,"","","","","","",""
11226,A2,126,134,148,157,209,252,337,318,206,77,8,14,9,52,43,85,-19,-112,-129
11230,DM,39,14,29,33,30,27,42,30,3,3,-25,15,4,-3,-3,15,-12,-27,0
10308,PA,3,1,3,3,1,"","",4,2,2,-2,2,0,-2,"","","",-2,0
11385,A3,35,28,35,36,23,32,40,22,9,2,-7,7,1,-13,9,8,-18,-13,-7
11212,PA,7,2,4,6,1,7,"","",1,"",-5,2,2,-5,6,"","","",""
10020,A2,462,486,489,502,517,597,513,536,504,304,24,3,13,15,80,-84,23,-32,-200
11379,A1,19,22,24,17,21,22,23,17,7,2,3,2,-7,4,1,1,-6,-10,-5
11428,A2,45,36,53,51,43,59,106,92,21,10,-9,17,-2,-8,16,47,-14,-71,-11
11224,A2,131,86,141,189,173,173,171,163,196,63,-45,55,48,-16,0,-2,-8,33,-133
11693,A3,2,4,3,7,4,12,15,11,1,3,2,-1,4,-3,8,3,-4,-10,2
10069,PA,3,4,3,5,3,7,2,3,"","",1,-1,2,-2,4,-5,1,"",""
11691,A1,7,12,6,11,13,11,22,15,7,"",5,-6,5,2,-2,11,-7,-8,""
11211,A1,34,53,67,65,62,66,56,66,31,8,19,14,-2,-3,4,-10,10,-35,-23
10451,A2,162,164,168,176,137,162,214,195,140,71,2,4,8,-39,25,52,-19,-55,-69
10009,NB,2,1,"",6,3,5,5,5,2,1,-1,"","",-3,2,0,0,-3,-1
11358,NB,38,32,18,18,15,34,30,28,22,3,-6,-14,0,-3,19,-4,-2,-6,-19
11435,PA,4,4,5,2,4,"",3,2,3,1,0,1,-3,2,"","",-1,1,-2
10302,PA,"","",8,"",1,"",2,"","","","","","","","","","","",""
10002,PA,9,16,22,14,9,14,17,22,13,11,7,6,-8,-5,5,3,5,-9,-2
11374,PA,1,10,2,1,5,2,1,7,2,"",9,-8,-1,4,-3,-1,6,-5,""
11432,A2,119,106,119,99,102,118,139,119,49,35,-13,13,-20,3,16,21,-20,-70,-14
11369,A1,19,20,16,17,19,12,24,15,5,3,1,-4,1,2,-7,12,-9,-10,-2
11005,A1,7,6,"",2,6,2,1,3,"",1,-1,"","",4,-4,-1,2,"",""
11361,A2,120,115,148,142,131,163,176,131,78,37,-5,33,-6,-11,32,13,-45,-53,-41
10307,NB,27,23,21,23,30,37,30,25,8,5,-4,-2,2,7,7,-7,-5,-17,-3
10473,PA,2,1,3,2,"",1,"",1,2,"",-1,2,-1,"","","","",1,""
11694,A3,18,24,25,41,37,44,37,24,6,2,6,1,16,-4,7,-7,-13,-18,-4
10069,NB,1,"","",2,"","","","","","","","","","","","","","",""
10171,A2,237,293,224,219,278,310,244,245,222,103,56,-69,-5,59,32,-66,1,-23,-119
10462,A1,9,12,7,9,12,3,12,9,4,1,3,-5,2,3,-9,9,-3,-5,-3
10314,A2,84,136,126,161,292,229,327,246,158,49,52,-10,35,131,-63,98,-81,-88,-109
11365,A1,36,27,20,27,45,21,29,12,8,1,-9,-7,7,18,-24,8,-17,-4,-7
10017,A1,9,12,15,14,13,17,16,15,11,4,3,3,-1,-1,4,-1,-1,-4,-7
11206,A3,92,82,137,125,239,341,219,151,47,20,-10,55,-12,114,102,-122,-68,-104,-27
11219,A2,254,266,258,270,274,292,321,250,179,86,12,-8,12,4,18,29,-71,-71,-93
10013,A3,108,117,153,146,124,158,168,152,89,41,9,36,-7,-22,34,10,-16,-63,-48
11433,A1,21,24,25,25,18,19,25,19,7,4,3,1,0,-7,1,6,-6,-12,-3
11356,A1,9,18,11,13,18,9,24,9,5,2,9,-7,2,5,-9,15,-15,-4,-3
11214,A1,11,12,16,22,7,12,15,6,5,1,1,4,6,-15,5,3,-9,-1,-4
11368,A1,11,16,19,18,16,22,23,14,5,3,5,3,-1,-2,6,1,-9,-9,-2
11420,NB,7,10,13,5,8,6,2,2,4,"",3,3,-8,3,-2,-4,0,2,""
11225,A2,71,81,90,106,161,178,242,198,107,59,10,9,16,55,17,64,-44,-91,-48
10305,A3,81,65,41,46,34,88,62,35,8,2,-16,-24,5,-12,54,-26,-27,-27,-6
10803,DM,"","","","","","","",1,"","","","","","","","","","",""
10035,A3,97,85,84,70,84,160,100,111,15,7,-12,-1,-14,14,76,-60,11,-96,-8
10018,NB,1,8,"",6,6,4,3,3,2,2,7,"","",0,-2,-1,0,-1,0
10458,NB,4,6,2,7,2,5,12,6,4,"",2,-4,5,-5,3,7,-6,-2,""
11375,PA,4,"",2,5,1,1,5,2,3,1,"","",3,-4,0,4,-3,1,-2
10451,A1,5,6,3,9,10,4,7,11,4,3,1,-3,6,1,-6,3,4,-7,-1
10026,PA,4,2,11,8,5,4,2,2,2,1,-2,9,-3,-3,-1,-2,0,0,-1
10465,DM,2,1,2,6,2,9,6,2,"","",-1,1,4,-4,7,-3,-4,"",""
10468,A2,142,162,191,229,259,273,250,197,174,85,20,29,38,30,14,-23,-53,-23,-89
11360,A2,62,58,61,66,90,68,94,63,27,13,-4,3,5,24,-22,26,-31,-36,-14
10027,PA,6,7,2,6,1,4,1,11,5,2,1,-5,4,-5,3,-3,10,-6,-3
11375,DM,7,14,2,4,7,4,7,3,1,"",7,-12,2,3,-3,3,-4,-2,""
10019,A3,119,146,112,153,162,215,147,148,45,20,27,-34,41,9,53,-68,1,-103,-25
10464,NB,1,"",1,1,11,3,16,5,2,"","","",0,10,-8,13,-11,-3,""
10024,A3,5,7,8,4,2,"",4,12,"","",2,1,-4,-2,"","",8,"",""
10271,DM,"",2,"",1,3,3,"",4,1,"","","","",2,0,"","",-3,""
10035,NB,6,3,4,2,4,3,6,2,2,"",-3,1,-2,2,-1,3,-4,0,""
10022,NB,1,1,1,"",2,1,2,1,1,"",0,0,"","",-1,1,-1,0,""
11222,A1,28,30,23,24,25,29,33,27,17,8,2,-7,1,1,4,4,-6,-10,-9
10459,A3,107,95,105,99,79,62,120,93,26,13,-12,10,-6,-20,-17,58,-27,-67,-13
11426,A3,17,20,15,15,11,9,22,11,1,1,3,-5,0,-4,-2,13,-11,-10,0
10065,PA,4,4,2,5,4,7,2,8,8,1,0,-2,3,-1,3,-5,6,0,-7
11413,NB,32,9,14,18,10,10,12,4,3,3,-23,5,4,-8,0,2,-8,-1,0
10452,A1,8,5,6,7,7,3,4,4,5,3,-3,1,1,0,-4,1,0,1,-2
10026,A3,129,122,160,117,195,211,184,160,32,7,-7,38,-43,78,16,-27,-24,-128,-25
10473,A1,9,2,7,8,5,8,7,2,1,"",-7,5,1,-3,3,-1,-5,-1,""
10153,A3,103,137,135,121,152,156,115,138,27,20,34,-2,-14,31,4,-41,23,-111,-7
11356,NB,26,35,13,8,6,2,14,17,3,4,9,-22,-5,-2,-4,12,3,-14,1
11378,PA,1,"","","",1,1,2,"",1,"","","","","",0,1,"","",""
11362,NB,14,7,13,8,12,10,7,7,3,2,-7,6,-5,4,-2,-3,0,-4,-1
10044,NB,1,"","","",1,1,1,3,2,1,"","","","",0,0,2,-1,-1
11426,NB,10,8,11,5,8,2,3,10,3,2,-2,3,-6,3,-6,1,7,-7,-1
11421,A3,30,20,26,21,13,36,26,23,22,5,-10,6,-5,-8,23,-10,-3,-1,-17
11236,A1,11,11,15,15,12,7,14,11,3,1,0,4,0,-3,-5,7,-3,-8,-2
10467,A3,102,104,113,90,120,132,105,82,19,8,2,9,-23,30,12,-27,-23,-63,-11
10473,NB,3,4,3,23,39,17,1,2,6,"",1,-1,20,16,-22,-16,1,4,""
10018,DM,1,4,2,10,5,3,4,3,1,1,3,-2,8,-5,-2,1,-1,-2,0
11360,A3,17,21,10,22,10,20,27,13,1,1,4,-11,12,-12,10,7,-14,-12,0
11001,A3,5,2,5,2,10,1,2,4,1,2,-3,3,-3,8,-9,1,2,-3,1
11224,NB,15,13,8,8,10,18,11,15,6,2,-2,-5,0,2,8,-7,4,-9,-4
11422,A1,"",2,"",2,"",1,2,"",2,"","","","","","",1,"","",""
11372,PA,6,9,8,2,6,9,6,3,13,"",3,-1,-6,4,3,-3,-3,10,""
11433,NB,13,13,20,19,6,16,28,16,6,3,0,7,-1,-13,10,12,-12,-10,-3
10001,DM,1,5,8,9,11,17,8,7,4,2,4,3,1,2,6,-9,-1,-3,-2
11359,A2,12,13,20,19,10,14,8,7,8,1,1,7,-1,-9,4,-6,-1,1,-7
10011,A2,1155,1389,1372,1469,1665,1628,1377,1415,1316,684,234,-17,97,196,-37,-251,38,-99,-632
10027,NB,2,"",2,1,1,2,4,4,1,4,"","",-1,0,1,2,0,-3,3
11205,A1,19,21,27,34,25,30,33,18,18,2,2,6,7,-9,5,3,-15,0,-16
10803,A3,2,"","","","",1,1,"","","","","","","","",0,"","",""
11367,DM,1,9,6,7,3,8,1,3,2,"",8,-3,1,-4,5,-7,2,-1,""
11359,PA,"","",1,"","","","","","","","","","","","","","","",""
11004,DM,2,4,3,4,1,4,"",3,"","",2,-1,1,-3,3,"","","",""
10304,A2,97,95,94,147,207,186,180,170,82,32,-2,-1,53,60,-21,-6,-10,-88,-50
10035,PA,2,7,1,2,2,1,4,"",2,"",5,-6,1,0,-1,3,"","",""
10452,PA,1,2,3,7,1,"",3,"",2,"",1,1,4,-6,"","","","",""
11229,DM,9,19,9,15,17,33,30,23,1,"",10,-10,6,2,16,-3,-7,-22,""
10463,A2,113,146,134,208,152,171,173,132,125,52,33,-12,74,-56,19,2,-41,-7,-73
11419,A1,17,25,18,11,9,9,11,11,7,1,8,-7,-7,-2,0,2,0,-4,-6
11377,A1,16,14,13,17,7,12,14,12,7,2,-2,-1,4,-10,5,2,-2,-5,-5
11204,PA,7,4,3,1,7,2,1,4,6,"",-3,-1,-2,6,-5,-1,3,2,""
10026,A1,17,17,27,25,21,19,27,16,11,4,0,10,-2,-4,-2,8,-11,-5,-7
11516,A3,"",1,1,2,3,1,3,1,"","","",0,1,1,-2,2,-2,"",""
10112,A2,119,98,72,162,138,104,111,126,101,64,-21,-26,90,-24,-34,7,15,-25,-37
"",NB,36,29,13,9,70,68,129,421,1193,758,-7,-16,-4,61,-2,61,292,772,-435
11415,A2,86,85,59,95,111,106,111,69,83,38,-1,-26,36,16,-5,5,-42,14,-45
11411,DM,3,1,2,2,"",2,3,2,"","",-2,1,0,"","",1,-1,"",""
11206,PA,9,2,4,2,4,10,3,7,4,5,-7,2,-2,2,6,-7,4,-3,1
11361,NB,28,9,11,30,15,18,38,26,15,1,-19,2,19,-15,3,20,-12,-11,-14
11206,A2,148,159,175,211,271,317,270,266,183,100,11,16,36,60,46,-47,-4,-83,-83
11105,DM,6,4,6,3,2,3,4,5,1,"",-2,2,-3,-1,1,1,1,-4,""
10464,A1,6,4,5,4,5,3,2,2,"","",-2,1,-1,1,-2,-1,0,"",""
11109,A1,4,15,11,12,16,9,15,15,10,"",11,-4,1,4,-7,6,0,-5,""
11418,PA,4,2,1,2,5,4,1,2,2,1,-2,-1,1,3,-1,-3,1,0,-1
10803,A1,"","","","",1,"","","","","","","","","","","","","",""
11104,A1,12,6,8,9,5,7,12,8,1,4,-6,2,1,-4,2,5,-4,-7,3
10460,PA,6,3,1,3,"",2,1,1,1,2,-3,-2,2,"","",-1,0,0,1
10038,A2,124,126,116,157,200,141,152,140,151,94,2,-10,41,43,-59,11,-12,11,-57
11224,PA,8,4,3,4,10,5,4,7,4,3,-4,-1,1,6,-5,-1,3,-3,-1
10027,A2,147,221,243,286,282,349,355,300,235,160,74,22,43,-4,67,6,-55,-65,-75
11581,A1,7,5,9,4,9,5,6,3,"","",-2,4,-5,5,-4,1,-3,"",""
11004,PA,"","",4,"","","",1,"","","","","","","","","","","",""
10167,NB,"","",1,"",1,"","","","","","","","","","","","","",""
11414,A1,6,15,5,12,14,11,9,11,2,"",9,-10,7,2,-3,-2,2,-9,""
11216,PA,7,1,1,1,2,4,3,4,"","",-6,0,0,1,2,-1,1,"",""
10461,A2,111,114,107,125,132,117,137,91,66,32,3,-7,18,7,-15,20,-46,-25,-34
11697,DM,14,12,8,60,59,28,36,5,1,"",-2,-4,52,-1,-31,8,-31,-4,""
"",A3,50,29,25,29,153,179,174,1596,2388,1565,-21,-4,4,124,26,-5,1422,792,-823
10308,DM,6,9,19,23,60,17,13,15,2,"",3,10,4,37,-43,-4,2,-13,""
10459,NB,4,7,4,5,7,7,10,8,5,1,3,-3,1,2,0,3,-2,-3,-4
10006,NB,"",1,"","",2,1,2,2,1,"","","","","",-1,1,0,-1,""
10003,DM,"",4,2,1,1,8,2,6,"",1,"",-2,-1,0,7,-6,4,"",""
10306,A2,113,102,98,171,233,268,313,226,72,37,-11,-4,73,62,35,45,-87,-154,-35
11361,DM,6,6,13,9,14,26,21,12,"",2,0,7,-4,5,12,-5,-9,"",""
11411,A3,13,16,11,8,14,10,10,5,6,"",3,-5,-3,6,-4,0,-5,1,""
11230,A2,143,169,177,194,193,237,268,214,106,35,26,8,17,-1,44,31,-54,-108,-71
11351,DM,"",1,1,"","",7,4,"","","","",0,"","","",-3,"","",""
11206,DM,4,8,8,8,22,38,16,14,4,"",4,0,0,14,16,-22,-2,-10,""
10028,DM,1,2,1,7,14,4,4,8,4,3,1,-1,6,7,-10,0,4,-4,-1
11236,NB,16,1,4,11,7,8,7,2,1,1,-15,3,7,-4,1,-1,-5,-1,0
10452,NB,6,5,7,"",3,3,5,5,3,1,-1,2,"","",0,2,0,-2,-2
11102,A1,19,19,21,14,17,22,25,12,8,6,0,2,-7,3,5,3,-13,-4,-2
11226,DM,2,4,3,5,10,34,43,16,4,2,2,-1,2,5,24,9,-27,-12,-2
10199,A1,13,10,18,10,8,8,4,7,7,2,-3,8,-8,-2,0,-4,3,0,-5
10460,A2,100,105,128,148,156,133,132,131,81,35,5,23,20,8,-23,-1,-1,-50,-46
11222,A2,254,246,229,307,321,337,357,333,218,107,-8,-17,78,14,16,20,-24,-115,-111
10306,A1,37,33,41,32,33,29,35,23,7,"",-4,8,-9,1,-4,6,-12,-16,""
11239,DM,"","","","","","",3,1,"","","","","","","","",-2,"",""
10001,NB,"",5,3,6,7,4,6,5,"",4,"",-2,3,1,-3,2,-1,"",""
10462,PA,10,2,2,8,"",2,3,1,"",1,-8,0,6,"","",1,-2,"",""
11374,A1,13,22,16,17,18,19,11,10,5,3,9,-6,1,1,1,-8,-1,-5,-2
10460,DM,8,1,3,6,3,12,6,13,"",3,-7,2,3,-3,9,-6,7,"",""
10280,A2,68,78,77,131,107,90,93,119,137,40,10,-1,54,-24,-17,3,26,18,-97
11417,A1,9,10,6,1,8,6,10,4,4,3,1,-4,-5,7,-2,4,-6,0,-1
11218,A2,181,219,210,209,257,287,323,288,151,66,38,-9,-1,48,30,36,-35,-137,-85
10022,A2,560,601,541,676,579,638,619,620,604,321,41,-60,135,-97,59,-19,1,-16,-283
11109,DM,9,1,3,12,4,9,6,10,1,"",-8,2,9,-8,5,-3,4,-9,""
10162,A2,373,443,411,500,471,549,537,520,438,247,70,-32,89,-29,78,-12,-17,-82,-191
11429,A3,12,11,3,5,11,12,9,9,5,4,-1,-8,2,6,1,-3,0,-4,-1
11419,PA,1,3,1,1,1,5,2,"",1,"",2,-2,0,0,4,-3,"","",""
10037,A3,114,65,112,83,90,131,93,79,18,22,-49,47,-29,7,41,-38,-14,-61,4
11239,A2,46,47,34,76,115,79,71,80,40,18,1,-13,42,39,-36,-8,9,-40,-22
10004,DM,"","",7,2,"",1,"","","","","","",-5,"","","","","",""
10308,NB,30,11,37,14,17,15,32,17,6,2,-19,26,-23,3,-2,17,-15,-11,-4
10455,DM,1,"","",2,2,3,5,1,"",2,"","","",0,1,2,-4,"",""
11109,A2,96,129,137,138,176,137,153,176,144,110,33,8,1,38,-39,16,23,-32,-34
11209,PA,7,8,7,4,5,13,2,1,"","",1,-1,-3,1,8,-11,-1,"",""
10453,A1,4,5,7,10,3,8,11,3,2,"",1,2,3,-7,5,3,-8,-1,""
10032,A3,121,128,116,109,161,172,141,100,28,12,7,-12,-7,52,11,-31,-41,-72,-16
10550,A2,1,1,1,"","",2,1,1,1,"",0,0,"","","",-1,0,0,""
10103,PA,19,12,17,26,15,10,19,12,11,1,-7,5,9,-11,-5,9,-7,-1,-10
10007,PA,1,1,9,5,3,2,10,4,2,"",0,8,-4,-2,-1,8,-6,-2,""
10002,A1,30,31,40,24,28,32,24,16,24,20,1,9,-16,4,4,-8,-8,8,-4
11205,A2,172,205,201,208,193,226,276,236,208,91,33,-4,7,-15,33,50,-40,-28,-117
"",A1,4,3,11,4,4,8,14,699,1957,1156,-1,8,-7,0,4,6,685,1258,-801
11691,A2,85,57,70,98,110,131,195,117,72,43,-28,13,28,12,21,64,-78,-45,-29
10454,A1,5,7,7,9,9,4,3,10,3,1,2,0,2,0,-5,-1,7,-7,-2
11509,A1,1,2,3,2,"",2,3,4,"","",1,1,-1,"","",1,1,"",""
10305,A1,12,18,13,8,25,15,12,8,"",1,6,-5,-5,17,-10,-3,-4,"",""
10474,A2,70,103,91,103,89,97,96,93,41,15,33,-12,12,-14,8,-1,-3,-52,-26
11422,A3,7,4,7,16,2,5,1,4,2,"",-3,3,9,-14,3,-4,3,-2,""
10065,A2,457,507,592,631,605,614,575,456,438,201,50,85,39,-26,9,-39,-119,-18,-237
10014,A3,97,152,117,133,138,137,159,168,56,26,55,-35,16,5,-1,22,9,-112,-30
10012,PA,15,15,19,16,11,10,13,10,8,7,0,4,-3,-5,-1,3,-3,-2,-1
10037,NB,3,5,1,3,4,4,10,2,5,1,2,-4,2,1,0,6,-8,3,-4
11105,A2,126,130,162,134,136,174,158,162,72,43,4,32,-28,2,38,-16,4,-90,-29
11233,A1,14,13,14,16,30,25,31,24,10,2,-1,1,2,14,-5,6,-7,-14,-8
10311,A3,14,11,12,15,17,22,18,6,2,1,-3,1,3,2,5,-4,-12,-4,-1
10314,PA,10,5,5,2,1,3,4,2,5,7,-5,0,-3,-1,2,1,-2,3,2
10103,DM,1,3,2,4,1,1,4,1,"","",2,-1,2,-3,0,3,-3,"",""
10115,A1,1,2,2,"",2,1,1,1,3,"",1,0,"","",-1,0,0,2,""
10111,DM,"","","","","","",2,"","","","","","","","","","","",""
11363,A1,9,15,8,15,11,14,5,9,3,1,6,-7,7,-4,3,-9,4,-6,-2
11418,A3,29,47,27,16,21,22,11,18,6,3,18,-20,-11,5,1,-11,7,-12,-3
10025,NB,"",1,1,"","",2,"",1,"","","",0,"","","","","","",""
11096,NB,5,"","","","","","","",1,"","","","","","","","","",""
