,zip1,2010,2011,2012,2013,2014,2015,2016,2017,2018,2019,2010_cat,2011_cat,2012_cat,2013_cat,2014_cat,2015_cat,2016_cat,2017_cat,2018_cat,2019_cat
0,11205,11853771.0,32664531.0,45805345.0,41154263.0,43415892.0,42804077.0,60287561.0,37181479.0,102120588.0,14981645.0,fair,good,excellent,good,good,good,good,good,excellent,good
1,11236,40330242.0,5267639.0,9433960.0,9548959.0,20356622.0,27257422.0,25559889.0,22777517.0,51267045.0,6713541.0,excellent,poor,fair,fair,fair,good,fair,fair,excellent,fair
2,10309,4506945.0,4838367.0,9901034.0,11169400.0,12749232.0,14235184.0,12974886.0,11452456.0,5414469.0,1828653.0,poor,poor,fair,fair,fair,fair,fair,poor,poor,poor
3,11106,12526065.0,27181064.0,24357809.0,16974869.0,45054462.0,64665787.0,74437884.0,50701482.0,28807658.0,15440230.0,fair,good,good,fair,good,excellent,excellent,good,good,good
4,11351,2194490.0,1081853.0,841610.0,2280837.0,3462702.0,2679031.0,1629856.0,1388696.0,1539958.0,175778.0,poor,poor,poor,poor,poor,poor,poor,poor,poor,poor
5,10110,177294313.0,206496666.0,252215178.0,242208898.0,251307909.0,373399314.0,317654569.0,293652264.0,309845286.0,157438570.0,excellent,excellent,excellent,excellent,excellent,excellent,excellent,excellent,excellent,excellent
6,10805,,475000.0,94000.0,30800.0,,263884.0,,,60000.0,,poor,poor,poor,poor,poor,poor,poor,poor,poor,poor
7,11218,16099226.0,26231160.0,31524757.0,42202187.0,22432802.0,30798585.0,50848753.0,34594512.0,19573818.0,14023930.0,fair,good,good,good,fair,good,good,good,fair,good
8,10452,17090208.0,10610824.0,20452813.0,30353555.0,22520064.0,23030654.0,35487502.0,11904157.0,45589417.0,5593401.0,good,fair,good,good,good,fair,good,poor,good,fair
9,11428,3429154.0,2220646.0,3705077.0,3111896.0,2378454.0,2838272.0,4132385.0,8340961.0,2912600.0,394820.0,poor,poor,poor,poor,poor,poor,poor,poor,poor,poor
10,11237,22508650.0,43973821.0,44100710.0,55964782.0,66832483.0,85436812.0,114147606.0,68211535.0,46576019.0,23084727.0,good,excellent,excellent,excellent,excellent,excellent,excellent,excellent,good,good
11,11379,5936641.0,7780882.0,19494742.0,7840213.0,7993092.0,8190393.0,31488145.0,8378304.0,30287437.0,1735591.0,poor,fair,good,poor,poor,poor,good,poor,good,poor
12,10803,4500.0,163000.0,225705.0,26000.0,8000.0,26375.0,113025.0,86046.0,91837.0,0.0,poor,poor,poor,poor,poor,poor,poor,poor,poor,poor
13,11364,4500596.0,5383662.0,5392621.0,9180849.0,9613090.0,9293555.0,8892998.0,18184698.0,2213860.0,6554588.0,poor,poor,poor,poor,poor,poor,poor,fair,poor,fair
14,11109,12278141.0,10737760.0,10816698.0,23420117.0,19612810.0,16238404.0,25494320.0,46943491.0,20182050.0,8030211.0,fair,fair,fair,good,fair,fair,fair,good,good,fair
15,10012,100224183.0,140865348.0,150205938.0,180611282.0,247771435.0,246515968.0,225078255.0,189115881.0,242714710.0,108777672.0,excellent,excellent,excellent,excellent,excellent,excellent,excellent,excellent,excellent,excellent
16,11001,129020.0,567175.0,691470.0,211300.0,622608.0,1137873.0,607089.0,871573.0,30000.0,37450.0,poor,poor,poor,poor,poor,poor,poor,poor,poor,poor
17,11385,30118627.0,3659086.0,5488662.0,13098104.0,10813960.0,12345196.0,9594044.0,11917046.0,6107359.0,6234323.0,good,poor,poor,fair,poor,fair,poor,poor,poor,fair
18,11238,29993901.0,44734602.0,81462644.0,41069769.0,84296574.0,57642812.0,74004787.0,85403305.0,28795805.0,24608030.0,good,excellent,excellent,good,excellent,good,excellent,excellent,good,good
19,10039,15628697.0,23404653.0,10416955.0,15432770.0,28246113.0,33567702.0,26828998.0,14260904.0,19998071.0,5763198.0,fair,good,fair,fair,good,good,good,fair,fair,fair
20,11427,2192109.0,3553833.0,5361515.0,5290859.0,5385640.0,6153066.0,6241233.0,13263816.0,2577336.0,1519684.0,poor,poor,poor,poor,poor,poor,poor,fair,poor,poor
21,11367,27787447.0,17700017.0,7877533.0,11141281.0,63272146.0,64311566.0,17921277.0,11589688.0,24885519.0,8969763.0,good,good,fair,fair,excellent,excellent,fair,poor,good,good
22,10038,12111033.0,18014418.0,47141985.0,80925040.0,37449896.0,45749927.0,40751238.0,71768113.0,39540243.0,19068920.0,fair,good,excellent,excellent,good,good,good,excellent,good,good
23,10152,54995404.0,84658386.0,52780861.0,83844730.0,59774436.0,68830494.0,96859205.0,135684159.0,118822036.0,62888640.0,excellent,excellent,excellent,excellent,excellent,excellent,excellent,excellent,excellent,excellent
24,10470,8611462.0,9596276.0,5324485.0,11425098.0,8454033.0,15010479.0,8374470.0,6299704.0,9643150.0,912876.0,fair,fair,poor,fair,poor,fair,poor,poor,fair,poor
25,10009,26169340.0,47185706.0,56557929.0,45814146.0,61925233.0,78869115.0,74863502.0,76160120.0,63715240.0,39753160.0,good,excellent,excellent,excellent,excellent,excellent,excellent,excellent,excellent,excellent
26,11355,48382799.0,32468757.0,24333214.0,29828172.0,41277151.0,69223592.0,61959382.0,33800871.0,27885380.0,9805566.0,excellent,good,good,good,good,excellent,good,good,good,good
27,10464,4890276.0,1165881.0,534960.0,1172154.0,1998736.0,978307.0,761905.0,817532.0,213635.0,233497.0,poor,poor,poor,poor,poor,poor,poor,poor,poor,poor
28,11239,13909266.0,6315686.0,13692777.0,4992967.0,11510957.0,13689131.0,4188129.0,22395354.0,8263841.0,5952880.0,fair,fair,fair,poor,fair,fair,poor,fair,fair,fair
29,11213,18535077.0,10558652.0,17623331.0,19013979.0,23940228.0,38984305.0,49806168.0,40669509.0,20476852.0,20716738.0,good,fair,fair,good,good,good,good,good,good,good
30,11357,4851837.0,8051927.0,10052946.0,39426611.0,13982052.0,18573129.0,14789575.0,16026702.0,5357588.0,1427912.0,poor,fair,fair,good,fair,fair,fair,fair,poor,poor
31,10457,14349361.0,16583801.0,23639337.0,18911519.0,35737310.0,33622784.0,25585543.0,17634648.0,24256806.0,5045920.0,fair,good,good,good,good,good,fair,fair,good,fair
32,10475,11981348.0,10493734.0,6058669.0,10726732.0,13067364.0,13107987.0,11474599.0,9625570.0,15566231.0,18735747.0,fair,fair,poor,fair,fair,fair,poor,poor,fair,good
33,11214,9552483.0,12780531.0,24847407.0,17331700.0,12792303.0,17422431.0,13850026.0,18965696.0,24077693.0,3864165.0,fair,fair,good,fair,fair,fair,fair,fair,good,fair
34,11226,18915579.0,20899738.0,21840978.0,31593717.0,31813204.0,18979312.0,38745070.0,33987075.0,22815298.0,12661858.0,good,good,good,good,good,fair,good,good,good,good
35,11224,29418905.0,26062189.0,23237864.0,31126970.0,35695097.0,73655668.0,30703174.0,61510886.0,90147359.0,6488568.0,good,good,good,good,good,excellent,good,excellent,excellent,fair
36,11221,20775140.0,14197513.0,18153795.0,34010956.0,55287466.0,67650561.0,48002145.0,43548427.0,26236316.0,3734325.0,good,fair,good,good,excellent,excellent,good,good,good,fair
37,11414,4337176.0,1935050.0,3940076.0,3763322.0,9606184.0,7313703.0,7783391.0,8764949.0,1371739.0,937502.0,poor,poor,poor,poor,poor,poor,poor,poor,poor,poor
38,11435,8594274.0,18742813.0,13119316.0,10790955.0,8698331.0,45875492.0,91081664.0,25634341.0,15574242.0,3350666.0,fair,good,fair,fair,poor,good,excellent,good,fair,fair
39,10011,146871745.0,224793646.0,221807284.0,323941465.0,333337471.0,417360665.0,243194230.0,276382847.0,271042734.0,172823946.0,excellent,excellent,excellent,excellent,excellent,excellent,excellent,excellent,excellent,excellent
40,11231,32365034.0,34211428.0,40190886.0,40465223.04,56111973.0,83983764.0,78727709.0,59380018.0,228127867.0,30652223.0,good,good,good,good,excellent,excellent,excellent,excellent,excellent,excellent
41,,6807462.0,5579552.0,33839042.0,15551068.0,8430210.0,9417878.0,15665581.0,649085122.0,2218029626.0,1311158904.0,poor,poor,good,fair,poor,poor,fair,excellent,excellent,excellent
42,11004,71012393.0,21519721.0,21795842.0,10628816.0,10584146.0,10659017.0,9944987.0,21792124.0,4893468.0,15980892.0,excellent,good,good,fair,poor,fair,poor,fair,poor,good
43,10171,57389564.0,70249171.0,71591906.0,56220086.0,109288900.0,100134430.0,77102589.0,71183251.0,75813754.0,31117166.0,excellent,excellent,excellent,excellent,excellent,excellent,excellent,excellent,excellent,excellent
44,10473,19060154.0,19414726.0,6681202.0,7186180.0,26339224.0,16966731.0,26197038.0,15963637.0,19236308.0,9495337.0,good,good,fair,poor,good,fair,good,fair,fair,good
45,11509,1220306.0,739962.0,915200.0,502420.0,0.0,1006955.0,1174525.0,1201651.0,1696500.0,0.0,poor,poor,poor,poor,poor,poor,poor,poor,poor,poor
46,11229,23471384.0,27502446.0,35802941.0,34337537.0,44509385.0,39672092.0,79113563.0,34547326.0,31628823.0,5872973.0,good,good,good,good,good,good,excellent,good,good,fair
47,10310,10391733.0,9491083.0,11509975.0,6636725.0,12180300.0,10448902.0,10892747.0,9081849.0,6248773.0,12217693.0,fair,fair,fair,poor,fair,fair,poor,poor,fair,good
48,11230,23606990.0,14291144.0,19835097.0,29202967.0,21707257.0,37282455.0,49331188.0,29248342.0,14796348.0,1516056.0,good,fair,good,good,fair,good,good,good,fair,poor
49,11216,16782548.0,12908795.0,26077811.0,30536657.0,41031447.0,61929838.0,83610148.0,38582757.0,27236365.0,14549043.0,good,fair,good,good,good,good,excellent,good,good,good
50,10305,19355481.0,6858205.0,12526030.0,53589315.0,15549717.0,17290185.0,17278101.0,16263643.0,8456818.0,5800470.0,good,fair,fair,excellent,fair,fair,fair,fair,fair,fair
51,10014,37164962.0,47954532.0,53744718.0,73869469.0,61444787.0,103500690.0,95818280.0,229406632.0,95645568.0,37630810.0,excellent,excellent,excellent,excellent,excellent,excellent,excellent,excellent,excellent,excellent
52,10280,13131632.0,9284846.0,9850570.0,32471273.0,26777537.0,25779122.0,23836396.0,15561756.0,52348388.0,8181820.0,fair,fair,fair,good,good,good,fair,fair,excellent,fair
53,11418,4433613.0,21567219.0,11125998.0,9115044.0,4767825.0,18647143.0,13045866.0,6429879.0,793448.0,1676439.0,poor,good,fair,poor,poor,fair,fair,poor,poor,poor
54,10463,17110955.0,19643716.0,20400645.0,21714806.0,21618892.0,14545199.0,22457764.0,32284431.0,59960552.0,9328205.0,good,good,good,good,fair,fair,fair,good,excellent,good
55,10278,36986449.0,44221716.0,47903992.0,58757785.0,57892898.0,66953802.0,48409289.0,119478669.0,48867705.0,22134776.0,excellent,excellent,excellent,excellent,excellent,excellent,good,excellent,excellent,good
56,10462,9535673.0,13330658.0,14633114.0,13879494.0,43733319.0,16998772.0,19971036.0,16173099.0,8943774.0,7457581.0,fair,fair,fair,fair,good,fair,fair,fair,fair,fair
57,10001,163759014.0,239598729.0,320890310.0,334703370.0,469834048.0,421848742.0,423053849.0,422601101.0,280966153.0,186319426.0,excellent,excellent,excellent,excellent,excellent,excellent,excellent,excellent,excellent,excellent
58,10455,18957615.0,28268649.0,10955882.0,998675600.0,25464236.0,33356952.0,15795425.0,29822804.0,17404831.0,11298650.0,good,good,fair,excellent,good,good,fair,good,fair,good
59,11697,943480.0,999515.0,691165.0,1898495.0,2969539.0,5044482.0,11443197.0,14406087.0,3969691.0,1102986.0,poor,poor,poor,poor,poor,poor,poor,fair,poor,poor
60,11368,11957318.0,12222761.0,15936654.0,16809424.0,29547843.0,21357148.0,24043430.0,26060596.0,21949228.0,8529656.0,fair,fair,fair,fair,good,fair,fair,good,good,good
61,11691,7296783.0,19168639.0,13294308.0,12642326.0,8002997.0,22253164.0,23900869.0,22675034.0,21817347.0,14745953.0,fair,good,fair,fair,poor,fair,fair,fair,good,good
62,11102,9649185.0,12788299.0,12012942.0,16784980.0,11409221.0,25938933.0,28503657.0,25773961.0,13382086.0,6028928.0,fair,fair,fair,fair,fair,good,good,good,fair,fair
63,11422,588521.0,1084630.0,1127949.0,817661.0,642809.0,558388.0,4280283.0,6992152.0,902375.0,670000.0,poor,poor,poor,poor,poor,poor,poor,poor,poor,poor
64,11208,13659332.0,17088966.0,9541779.0,11070078.0,15279097.0,35581187.0,26255421.0,19588495.0,6159678.0,9166914.0,fair,good,fair,fair,fair,good,good,fair,poor,good
65,11204,16438088.0,11949372.0,14087807.0,16005395.0,20594444.0,28091155.0,24801793.0,25774747.0,9051838.0,2667245.0,good,fair,fair,fair,fair,good,fair,good,fair,fair
66,10304,16062924.0,13560207.0,7823466.0,14641275.0,14597193.0,25176785.0,17769123.0,15725268.0,9392542.0,24855310.0,fair,fair,fair,fair,fair,fair,fair,fair,fair,good
67,10460,10553850.0,30479837.0,11627412.0,14208181.0,46785249.0,13547355.0,26429286.0,16840151.0,16080978.0,8937268.0,fair,good,fair,fair,good,fair,good,fair,fair,good
68,10303,4514526.0,2057068.0,3464764.0,9973531.0,13212748.0,29377092.0,15494948.0,4784873.0,21924758.0,2084977.0,poor,poor,poor,fair,fair,good,fair,poor,good,poor
69,11429,3070744.0,1776836.0,1488600.0,1756774.0,3962327.0,4580736.0,5161539.0,6538001.0,1186200.0,213162.0,poor,poor,poor,poor,poor,poor,poor,poor,poor,poor
70,10103,167715675.0,151742862.0,219112462.0,166649870.0,255959330.0,202440548.0,299569375.0,273960525.0,258660738.0,105474721.0,excellent,excellent,excellent,excellent,excellent,excellent,excellent,excellent,excellent,excellent
71,10167,147174853.0,104456865.0,87508803.0,150115605.0,107841441.0,312915725.0,172462727.0,140406486.0,303453041.0,127587283.0,excellent,excellent,excellent,excellent,excellent,excellent,excellent,excellent,excellent,excellent
72,10458,25204897.0,45738277.0,19947621.0,61545343.0,35820425.0,42283961.0,44618230.0,26441066.0,16066211.0,7183860.0,good,excellent,good,excellent,good,good,good,good,fair,fair
73,11366,5437851.0,9450653.0,4866128.0,7036650.0,27770287.0,14503158.0,11693207.0,8606825.0,4558323.0,1649887.0,poor,fair,poor,poor,good,fair,fair,poor,poor,poor
74,10472,4718105.0,6182298.0,5885122.0,10039082.0,12960874.0,10093915.0,24922493.0,12818929.0,10340297.0,3894415.0,poor,fair,poor,fair,fair,poor,fair,fair,fair,fair
75,10468,23778557.0,23075477.0,25435320.0,38465406.0,35629663.0,49847341.0,59076405.0,45667173.0,46157169.0,8688092.0,good,good,good,good,good,good,good,good,good,good
76,11207,23264294.0,21032904.0,13636717.0,38517333.0,34143246.0,32181866.0,29925843.0,52051321.0,34729897.0,8270787.0,good,good,fair,good,good,good,good,excellent,good,fair
77,10003,170373949.0,129796852.0,149756995.0,125533230.0,165143341.0,294317791.0,221121240.0,213479854.0,176109150.0,173091418.0,excellent,excellent,excellent,excellent,excellent,excellent,excellent,excellent,excellent,excellent
78,11362,2890012.0,6953050.0,3142298.0,12565821.0,5982337.0,4687413.0,3183192.0,2305222.0,3675638.0,534358.0,poor,fair,poor,fair,poor,poor,poor,poor,poor,poor
79,10023,115452641.0,133816751.0,162209398.0,125415006.0,145989547.0,177135103.0,132061627.0,122647831.0,131250343.0,71562625.0,excellent,excellent,excellent,excellent,excellent,excellent,excellent,excellent,excellent,excellent
80,10115,9232891.0,8802762.0,20446791.0,11442853.0,11329926.0,13798909.0,24317111.0,19872112.0,20390123.0,7701346.0,fair,fair,good,fair,fair,fair,fair,fair,good,fair
81,11378,8076913.0,8742261.0,22786298.0,15917438.0,11911954.0,11675013.0,16010285.0,18263373.0,16327279.0,6197144.0,fair,fair,good,fair,fair,fair,fair,fair,fair,fair
82,10451,54421690.0,72506334.0,26889733.0,23791768.0,20692874.0,22458616.0,56457279.0,49138657.0,33575259.0,14538205.0,excellent,excellent,good,good,fair,fair,good,good,good,good
83,11219,27155813.0,26725118.0,34426342.0,32117763.0,39759367.0,60879162.0,55096211.0,41125697.0,21762919.0,10869144.0,good,good,good,good,good,good,good,good,good,good
84,11692,61708425.0,6178689.0,11286217.0,17705616.0,16811801.0,26254802.0,70966866.0,56497769.0,47622008.0,2599601.0,excellent,fair,fair,fair,fair,good,excellent,excellent,excellent,fair
85,11377,10049809.0,9619624.0,9494589.0,11329470.0,17830145.0,76386050.0,20482234.0,14241548.0,11947990.0,4453105.0,fair,fair,fair,fair,fair,excellent,fair,fair,fair,fair
86,10271,52753761.0,71493128.0,128830084.0,125713536.0,98493887.0,90155179.0,143870666.0,697368672.0,162152653.0,101097056.0,excellent,excellent,excellent,excellent,excellent,excellent,excellent,excellent,excellent,excellent
87,11201,79515808.0,131178086.0,138478852.0,108762384.0,173784679.0,221819468.0,198429755.0,255745405.0,478710976.0,114377686.0,excellent,excellent,excellent,excellent,excellent,excellent,excellent,excellent,excellent,excellent
88,11220,34403690.0,39622369.0,60091891.0,45300933.0,75413700.0,99301616.0,107769112.0,123384628.0,73397530.0,45536323.0,excellent,excellent,excellent,excellent,excellent,excellent,excellent,excellent,excellent,excellent
89,10022,93445888.0,85199557.0,75341727.0,122234197.0,69628931.0,117731200.0,281587287.0,116133029.0,126798729.0,146306543.0,excellent,excellent,excellent,excellent,excellent,excellent,excellent,excellent,excellent,excellent
90,11694,8944740.0,3886459.0,7778881.0,10695153.0,6989376.0,17651752.0,4732875.0,7241430.0,6429396.0,1277907.0,fair,poor,fair,fair,poor,fair,poor,poor,fair,poor
91,11209,17833563.0,16349879.0,20750322.0,16760591.0,16781349.0,17626432.0,20418183.0,19626782.0,26815230.0,2700103.0,good,good,good,fair,fair,fair,fair,fair,good,fair
92,11423,8767565.0,4769957.0,3858371.0,4678569.0,36568728.0,32931645.0,6594152.0,5757702.0,3423969.0,501695.0,fair,poor,poor,poor,good,good,poor,poor,poor,poor
93,11206,25319006.0,30025639.0,40793826.0,28396606.0,37774157.0,51885815.0,53684084.0,51759774.0,32353499.0,25725018.0,good,good,excellent,good,good,good,good,good,good,good
94,10002,68898010.0,71485834.0,88406245.0,74994108.0,67658514.0,92031816.0,82409120.0,97362111.0,82395141.0,58564171.0,excellent,excellent,excellent,excellent,excellent,excellent,excellent,excellent,excellent,excellent
95,11581,742001.0,395947.0,704530.0,791766.0,4027990.0,3015839.0,2960462.0,2113196.0,227732.0,87324.0,poor,poor,poor,poor,poor,poor,poor,poor,poor,poor
96,11203,7046691.0,9514950.0,8765094.0,11063788.0,40550560.0,13097099.0,18493970.0,13701160.0,6505116.0,814100.0,fair,fair,fair,fair,good,fair,fair,fair,fair,poor
97,11222,47579817.0,102666312.0,41430920.0,37229390.0,34195438.0,37840123.0,60530868.0,40937643.0,31320638.0,16751134.0,excellent,excellent,excellent,good,good,good,good,good,good,good
98,10154,52187010.0,54959771.0,29515899.0,53028960.0,53635799.0,44268392.0,58499291.0,35500355.0,34825847.0,34279511.0,excellent,excellent,good,excellent,excellent,good,good,good,good,excellent
99,11373,25976843.0,20930736.0,25830564.0,26215969.0,26837057.0,39010864.0,52171012.0,36846015.0,28785807.0,11094757.0,good,good,good,good,good,good,good,good,good,good
100,10311,2032071.0,3365501.0,13422628.0,7751439.0,2774656.0,13126786.0,26682004.0,4451283.0,10450800.0,2702773.0,poor,poor,fair,poor,poor,fair,good,poor,fair,fair
101,11005,983200.0,2975184.0,961160.0,1115567.0,5557301.0,3731415.0,2406313.0,2197989.0,402800.0,422855.0,poor,poor,poor,poor,poor,poor,poor,poor,poor,poor
102,11433,16121581.0,12667042.0,20788869.0,25045184.0,15596364.0,27471983.0,14536821.0,28605134.0,17007243.0,16936753.0,fair,fair,good,good,fair,good,fair,good,fair,good
103,10454,7107642.0,23949082.0,30447715.0,9497386.0,27378169.0,23236207.0,8778142.0,27030197.0,20946253.0,46525413.0,fair,good,good,fair,good,fair,poor,good,good,excellent
104,10065,117289549.0,85361389.0,86565368.0,181618130.0,106079226.0,119721208.0,111228991.0,110548173.0,104562189.0,44797177.0,excellent,excellent,excellent,excellent,excellent,excellent,excellent,excellent,excellent,excellent
105,11372,23273742.0,23946928.0,21240560.0,17751242.0,25914088.0,37397976.0,23035382.0,27476246.0,23373887.0,5714697.0,good,good,good,fair,good,good,fair,good,good,fair
106,10035,32399972.0,18289977.0,35997833.0,18048067.0,24972197.0,45356327.0,29067370.0,41946152.0,19216025.0,7752888.0,good,good,good,fair,good,good,good,good,fair,fair
107,11223,30212134.0,65635062.0,33165928.0,39472881.0,39296918.0,35771748.0,38240845.0,43862003.0,18636977.0,6956394.0,good,excellent,good,good,good,good,good,good,fair,fair
108,10456,19241426.0,24544799.0,37998422.0,32662442.0,32185920.0,28733741.0,39105830.0,42887889.0,15970269.0,11137332.0,good,good,good,good,good,good,good,good,fair,good
109,10199,308258592.0,82172471.0,48664493.0,60363765.0,137989618.0,176084119.0,131777871.0,152360650.0,400868676.0,233167814.0,excellent,excellent,excellent,excellent,excellent,excellent,excellent,excellent,excellent,excellent
110,11430,909616.0,1498396.0,1865384.0,1000097.0,1534053.0,2155929.0,5735401.0,3548744.0,4568571.0,54739.0,poor,poor,poor,poor,poor,poor,poor,poor,poor,poor
111,11105,21938228.0,12872234.0,24154551.0,27246424.0,12428266.0,16972712.0,23424535.0,21539957.0,11542208.0,6939485.0,good,fair,good,good,fair,fair,fair,fair,fair,fair
112,10705,1306200.0,955716.0,157548.0,1459422.0,47000.0,927000.0,126800.0,106000.0,,1285003.0,poor,poor,poor,poor,poor,poor,poor,poor,poor,poor
113,11358,7796012.0,11461382.0,8915589.0,10027284.0,14954107.0,16072578.0,15761282.0,15563984.0,11182324.0,2110081.0,fair,fair,fair,fair,fair,fair,fair,fair,fair,poor
114,10028,86445692.0,117293127.0,143652703.0,168132345.0,154928297.0,167862302.0,222150000.0,141142449.0,119696040.0,66314182.0,excellent,excellent,excellent,excellent,excellent,excellent,excellent,excellent,excellent,excellent
115,11210,23576596.0,23423168.0,25249750.0,84480167.0,42953630.0,29351055.0,39796001.0,29930723.0,34572705.0,6972085.0,good,good,good,excellent,good,good,good,good,good,fair
116,11415,7087109.0,7363142.0,7336942.0,8763484.0,13938111.0,16177254.0,50231334.0,13152047.0,15195683.0,8266431.0,fair,fair,fair,poor,fair,fair,good,fair,fair,fair
117,11361,7242134.0,9182645.0,10618668.0,12232896.0,10942163.0,20032845.0,17081203.0,22962147.0,7524913.0,3756606.0,fair,fair,fair,fair,fair,fair,fair,good,fair,fair
118,11516,117000.0,0.0,100.0,142500.0,133898.0,2423568.0,0.0,125003.0,,35050.0,poor,poor,poor,poor,poor,poor,poor,poor,poor,poor
119,11228,9197679.0,12474643.0,14073914.0,26041497.0,20972491.0,20104657.0,25310963.0,20608387.0,8808462.0,960695.0,fair,fair,fair,good,fair,fair,fair,fair,fair,poor
120,10031,8738850.0,11300721.0,11189056.0,14049429.0,21225243.0,34422093.0,20689239.0,21367072.0,18240575.0,10890239.0,fair,fair,fair,fair,fair,good,fair,fair,fair,good
121,10004,274000.0,5000.0,2141494.0,5209124.0,,489583.0,240600.0,50000.0,1428220.0,255500.0,poor,poor,poor,poor,poor,poor,poor,poor,poor,poor
122,11217,34953030.0,81608615.0,45228593.0,73155135.0,60923157.0,96204009.0,95508925.0,95045392.0,43980486.0,43713781.0,excellent,excellent,excellent,excellent,excellent,excellent,excellent,excellent,good,excellent
123,11413,5079260.0,4555819.0,6664805.0,9685956.0,12017187.0,7743286.0,29987711.0,19020464.0,4565590.0,8650126.0,poor,poor,fair,fair,fair,poor,good,fair,poor,good
124,10112,26445678.0,14499648.0,10215706.0,31669822.0,13284431.0,21294935.0,101450435.0,49980296.0,64540290.0,71928189.0,good,fair,fair,good,fair,fair,excellent,good,excellent,excellent
125,11432,16391206.0,15380231.0,9982052.0,10769383.0,24170008.0,20830884.0,23228419.0,13533813.0,3993072.0,5319299.0,good,fair,fair,fair,good,fair,fair,fair,poor,fair
126,10044,53510984.0,48590067.0,56725695.0,40899730.0,31476065.0,69822443.0,81760014.0,73682771.0,68026802.0,32303286.0,excellent,excellent,excellent,good,good,excellent,excellent,excellent,excellent,excellent
127,10069,28727701.0,21706123.0,20715099.0,25061289.0,34023196.0,40115097.0,55631562.0,28200713.0,25257816.0,36103299.0,good,good,good,good,good,good,good,good,good,excellent
128,10027,24680719.0,51552359.0,58957469.0,53996185.0,55217468.0,73795768.0,56523218.0,134798280.0,168233251.0,38593532.0,good,excellent,excellent,excellent,excellent,excellent,good,excellent,excellent,excellent
129,10471,4836350.0,15081039.0,7535205.0,26161439.0,6865710.0,8250433.0,16199855.0,25223994.0,12349111.0,5393446.0,poor,fair,fair,good,poor,poor,fair,good,fair,fair
130,10453,17403807.0,35883016.0,25242527.0,45474551.0,25957459.0,34148718.0,30984895.0,21317150.0,36556108.0,10929781.0,good,good,good,excellent,good,good,good,fair,good,good
131,11233,9779071.0,24331457.0,21391044.0,39743827.0,67323211.0,51126264.0,61144974.0,45258266.0,18355875.0,8617795.0,fair,good,good,good,excellent,good,good,good,fair,good
132,10301,12566843.0,16030705.0,17676785.0,18087386.0,18149216.0,25524476.0,25908730.0,17430656.0,14831425.0,12488678.0,fair,fair,fair,fair,fair,good,good,fair,fair,good
133,11212,23130280.0,13171460.0,10652988.0,17814921.0,14021885.0,12109559.0,27477083.0,22714225.0,24939064.0,9182452.0,good,fair,fair,fair,fair,fair,good,fair,good,good
134,11417,2201250.0,3418568.0,19124423.0,1831388.0,4770032.0,5530581.0,6443933.0,11728074.0,4822036.0,12918899.0,poor,poor,good,poor,poor,poor,poor,poor,poor,good
135,11375,18877673.0,25732965.0,23124576.0,14528533.0,28024457.0,24488355.0,24006810.0,22603465.0,21907482.0,11134042.0,good,good,good,fair,good,fair,fair,fair,good,good
136,11354,17441365.0,13224997.0,15941926.0,18366875.0,25446492.0,19651337.0,26522783.0,32185237.0,15310583.0,15336887.0,good,fair,fair,good,good,fair,good,good,fair,good
137,11411,1986440.0,1661041.0,5321054.0,3565171.0,28111518.0,5346446.0,24898900.0,4224212.0,8556403.0,491190.0,poor,poor,poor,poor,good,poor,fair,poor,fair,poor
138,11365,10202429.0,6543093.0,6228094.0,6239303.0,31905553.0,9057476.0,48624818.0,15811173.0,4892890.0,5592921.0,fair,fair,poor,poor,good,poor,good,fair,poor,fair
139,10037,18488002.0,16191772.0,21749079.0,34894006.0,20968425.0,39110578.0,26727937.0,33469234.0,22031730.0,15342321.0,good,good,good,good,fair,good,good,good,good,good
140,10024,917664.0,1288575.0,1070350.0,1331400.0,1395500.0,875831.0,2032175.0,4755690.0,2663335.0,621000.0,poor,poor,poor,poor,poor,poor,poor,poor,poor,poor
141,10026,28007650.0,20707520.0,80916255.0,53268769.0,81617286.0,106657141.0,78496357.0,46447432.0,34310667.0,29234840.0,good,good,excellent,excellent,excellent,excellent,excellent,good,good,excellent
142,11374,16366283.0,16824201.0,23040792.0,13716605.0,19991581.0,19912299.0,22770630.0,22239506.0,20623098.0,6595189.0,good,good,good,fair,fair,fair,fair,fair,good,fair
143,11434,2813402.0,14611635.0,6902552.0,21714918.0,8983081.0,16677373.0,16393509.0,13550202.0,14853370.0,3199818.0,poor,fair,fair,good,poor,fair,fair,fair,fair,fair
144,10025,37754790.0,53000596.0,34615003.0,28867849.0,44217121.0,46927659.0,54714361.0,36927222.0,52831746.0,28323856.0,excellent,excellent,good,good,good,good,good,good,excellent,good
145,11360,4818809.0,6144841.0,5465194.0,14490130.0,7066690.0,8957059.0,9498954.0,7098015.0,2488285.0,3525267.0,poor,poor,poor,fair,poor,poor,poor,poor,poor,fair
146,11211,34335723.0,55716413.0,72399252.0,86481914.0,88856207.0,80751704.0,101444448.0,93178362.0,88052188.0,25325129.0,excellent,excellent,excellent,excellent,excellent,excellent,excellent,excellent,excellent,good
147,11234,5742316.0,5358635.0,4257725.0,8155738.0,6498316.0,5039973.0,7066359.0,6693197.0,8341637.0,377690.0,poor,poor,poor,poor,poor,poor,poor,poor,fair,poor
148,07077,101200.0,18290.0,679874.0,5000.0,,0.0,437055.0,139994.0,24750.0,,poor,poor,poor,poor,poor,poor,poor,poor,poor,poor
149,11421,8123392.0,7050837.0,7866706.0,4114320.0,4542008.0,5638283.0,6087762.0,14853706.0,31391692.0,914974.0,fair,fair,fair,poor,poor,poor,poor,fair,good,poor
150,10029,147659698.0,53247856.0,72213641.0,75631741.0,85611431.0,95474555.0,66187446.0,73200758.0,91434178.0,29567120.0,excellent,excellent,excellent,excellent,excellent,excellent,excellent,excellent,excellent,excellent
151,11104,8093959.0,4785350.0,6432389.0,10241452.0,12764447.0,7405859.0,12870554.0,50091522.0,8170009.0,4367042.0,fair,poor,fair,fair,fair,poor,fair,good,fair,fair
152,10007,38750849.0,42922692.0,44137182.0,68823796.0,95107615.0,54629403.0,81552157.0,52350744.0,88372145.0,48697379.0,excellent,excellent,excellent,excellent,excellent,good,excellent,excellent,excellent,excellent
153,11416,3855651.0,3078852.0,3899604.0,18277308.0,6639769.0,6948664.0,7929827.0,4742295.0,6675647.0,5120397.0,poor,poor,poor,good,poor,poor,poor,poor,fair,fair
154,10302,2791263.0,5412026.0,2425908.0,2650842.0,1934473.0,3747428.0,8574968.0,4161515.0,496321.0,2266520.0,poor,poor,poor,poor,poor,poor,poor,poor,poor,fair
155,11412,7251459.0,2521010.0,2914162.0,12074279.0,5256489.0,10452463.0,8005072.0,8847798.0,3171650.0,2625499.0,fair,poor,poor,fair,poor,fair,poor,poor,poor,fair
156,11363,3062604.0,4278828.0,3867948.0,9410887.0,4915386.0,5758076.0,4337960.0,4884945.0,1975970.0,603478.0,poor,poor,poor,poor,poor,poor,poor,poor,poor,poor
157,11359,30098900.0,3979544.0,3865800.0,3235885.0,1831520.0,667287.0,1029541.0,604112.0,740290.0,71000.0,good,poor,poor,poor,poor,poor,poor,poor,poor,poor
158,10312,7994928.0,20000576.0,5972496.0,18232106.0,21552684.0,28801479.0,20715330.0,15049294.0,5625260.0,2008900.0,fair,good,poor,fair,fair,good,fair,fair,poor,poor
159,10466,11485340.0,2513143.0,10321819.0,8879364.0,3438160.0,3772803.0,15193225.0,12074496.0,11598420.0,706052.0,fair,poor,fair,poor,poor,poor,fair,fair,fair,poor
160,11235,40787077.0,13844542.0,55668547.0,35540545.0,36556491.0,48067431.0,35607825.0,22080416.0,22303417.0,29317704.0,excellent,fair,excellent,good,good,good,good,fair,good,excellent
161,10013,67184574.0,99511564.0,94058092.0,130149772.0,125966595.0,180775157.0,189668623.0,261804833.0,206933221.0,116136371.0,excellent,excellent,excellent,excellent,excellent,excellent,excellent,excellent,excellent,excellent
162,10308,2968974.0,3129831.0,3849924.0,7798576.0,8241059.0,8300455.0,10858031.0,9995805.0,4014475.0,1483053.0,poor,poor,poor,poor,poor,poor,poor,poor,poor,poor
163,10019,74471091.0,122999976.0,98253072.0,90249992.0,97869171.0,86452677.0,152153967.0,99897950.0,148950867.0,52906482.0,excellent,excellent,excellent,excellent,excellent,excellent,excellent,excellent,excellent,excellent
164,11225,9380789.0,17032933.0,23018270.0,17176722.0,25814357.0,16590090.0,22076369.0,28717488.0,16275897.0,8544154.0,fair,good,good,fair,good,fair,fair,good,fair,good
165,10162,68538708.0,73335349.0,89533549.0,91676294.0,70833227.0,108830435.0,101618549.0,89640179.0,59625609.0,41822539.0,excellent,excellent,excellent,excellent,excellent,excellent,excellent,excellent,excellent,excellent
166,10020,84250907.0,171983922.0,165385587.0,145794833.0,222244858.0,194743251.0,220689702.0,249885598.0,278798871.0,317495765.0,excellent,excellent,excellent,excellent,excellent,excellent,excellent,excellent,excellent,excellent
167,10032,47282064.0,41782338.0,44248075.0,49493155.0,71891135.0,75868900.0,70362406.0,72329325.0,70632781.0,33202530.0,excellent,excellent,excellent,excellent,excellent,excellent,excellent,excellent,excellent,excellent
168,10550,7480.0,88000.0,15000.0,,,148700.0,50000.0,37022.0,5000.0,,poor,poor,poor,poor,poor,poor,poor,poor,poor,poor
169,10111,46510632.0,99185423.0,119276757.0,112420227.0,144843829.0,192576276.0,134225432.0,123493239.0,145856019.0,68066731.0,excellent,excellent,excellent,excellent,excellent,excellent,excellent,excellent,excellent,excellent
170,11103,11182823.0,16213751.0,27535843.0,22934993.0,29254485.0,17182061.0,21459217.0,23952649.0,11611737.0,5670125.0,fair,good,good,good,good,fair,fair,good,fair,fair
171,11356,61985498.0,17065274.0,5964943.0,5115141.0,13826290.0,9519859.0,23503076.0,21652823.0,3993719.0,7378035.0,excellent,good,poor,poor,fair,poor,fair,fair,poor,fair
172,10018,79083914.0,72427958.0,210349294.0,97646760.0,94822934.0,126869172.0,110195667.0,151607330.0,91236138.0,57337854.0,excellent,excellent,excellent,excellent,excellent,excellent,excellent,excellent,excellent,excellent
173,11101,165698789.0,25434047.0,66478721.0,37392591.0,18030055.0,72366943.0,32763753.0,47459040.0,34184398.0,51611015.0,excellent,good,excellent,good,fair,excellent,good,good,good,excellent
174,07008,,181000.0,,44000.0,,2500100.0,,,,,poor,poor,poor,poor,poor,poor,poor,poor,poor,poor
175,11436,5615343.0,3750326.0,4393402.0,12918387.0,11307369.0,6396848.0,8982194.0,13499915.0,3277406.0,1376846.0,poor,poor,poor,fair,fair,poor,poor,fair,poor,poor
176,11693,730610.0,533926.0,445839.0,873851.0,691258.0,1982962.0,3422362.0,13036398.0,1171582.0,1507468.0,poor,poor,poor,poor,poor,poor,poor,fair,poor,poor
177,10119,584899526.0,40435376.0,40236923.0,57996944.0,53059716.0,67883954.0,94554467.0,72814728.0,75714632.0,79766046.0,excellent,excellent,excellent,excellent,excellent,excellent,excellent,excellent,excellent,excellent
178,10467,22339549.0,54406599.0,23953912.0,25387036.0,20274642.0,25758094.0,62793523.0,17180826.0,10862141.0,46059698.0,good,excellent,good,good,fair,good,good,fair,fair,excellent
179,10034,20582084.0,21367179.0,24812274.0,35713307.0,28770538.0,39060426.0,43339486.0,33499223.0,27811362.0,15846867.0,good,good,good,good,good,good,good,good,good,good
180,10469,14294305.0,37210524.0,18073938.0,51318858.0,14651597.0,11765982.0,12363598.0,11501940.0,7213743.0,3283084.0,fair,good,good,excellent,fair,fair,fair,poor,fair,fair
181,11096,174235.0,223500.0,5353365.0,1349301.0,2524110.0,1408000.0,988996.0,2991042.0,1832426.0,,poor,poor,poor,poor,poor,poor,poor,poor,poor,poor
182,10314,8232746.0,23877079.0,16616653.0,20806358.0,13602417.0,25981330.0,38453108.0,106347410.0,21926499.0,16533108.0,fair,good,fair,good,fair,good,good,excellent,good,good
183,10005,40280690.0,75479383.0,57498405.0,250219551.0,140027951.0,193391274.0,71988760.0,64291390.0,104922420.0,89217501.0,excellent,excellent,excellent,excellent,excellent,excellent,excellent,excellent,excellent,excellent
184,10030,32493489.0,29473641.0,29868610.0,40596713.0,39164453.0,37457948.0,46199110.0,28637183.0,71885649.0,27222656.0,good,good,good,good,good,good,good,good,excellent,good
185,10307,4926246.0,2895762.0,2093848.0,14219396.0,11574073.0,8789379.0,8720047.0,15078552.0,4481081.0,2322630.0,poor,poor,poor,fair,fair,poor,poor,fair,poor,fair
186,11419,7691041.0,7369813.0,5200873.0,7079980.0,4769863.0,5528908.0,5206714.0,4889643.0,3949935.0,797157.0,fair,fair,poor,poor,poor,poor,poor,poor,poor,poor
187,11369,10515235.0,5203474.0,16407254.0,12274149.0,4505549.0,52474214.0,19970780.0,12577357.0,4969209.0,1506590.0,fair,poor,fair,fair,poor,good,fair,fair,poor,poor
188,10017,84875311.0,150382218.0,161132441.0,153844582.0,158620863.0,172887532.0,239010798.0,243358642.0,135041387.0,81144052.0,excellent,excellent,excellent,excellent,excellent,excellent,excellent,excellent,excellent,excellent
189,11370,89678611.0,15927534.0,20139793.0,9336436.0,23810154.0,10351583.0,11738002.0,30346060.0,3473098.0,6998560.0,excellent,fair,good,poor,good,poor,fair,good,poor,fair
190,10282,24122183.0,44605588.0,17709576.0,30205975.0,200849244.0,110006001.0,75560414.0,41060331.0,44631033.0,38291931.0,good,excellent,good,good,excellent,excellent,excellent,good,good,excellent
191,10461,19977296.0,16743854.0,11023279.0,22502832.0,17607795.0,21945401.0,14290537.0,9566792.0,21220749.0,8733929.0,good,good,fair,good,fair,fair,fair,poor,good,good
192,10474,5418564.0,12190718.0,14912919.0,20464450.0,12128879.0,15416510.0,19398016.0,15104838.0,10428375.0,3332250.0,poor,fair,fair,good,fair,fair,fair,fair,fair,fair
193,10306,8490178.0,9007812.0,11586626.0,12178871.0,19335395.0,21301203.0,20669583.0,20395659.0,7771641.0,1940958.0,fair,fair,fair,fair,fair,fair,fair,fair,fair,poor
194,11426,4248013.0,3990052.0,6187564.0,4123225.0,12127312.0,10627054.0,10446915.0,4764469.0,2480275.0,1137142.0,poor,poor,poor,poor,fair,fair,poor,poor,poor,poor
195,10016,30621454.0,63808851.0,31485493.0,54224807.0,103836516.0,70274088.0,87816902.0,55382037.0,62592165.0,17054025.0,good,excellent,good,excellent,excellent,excellent,excellent,excellent,excellent,good
196,10459,7628844.0,35702725.0,83349586.0,35464449.0,27003009.0,31793610.0,30288598.0,33252519.0,21370914.0,9402636.0,fair,good,excellent,good,good,good,good,good,good,good
197,11420,2499361.0,13729672.0,2741679.0,4082757.0,4690868.0,6432546.0,5887939.0,6807971.0,2799979.0,765698.0,poor,fair,poor,poor,poor,poor,poor,poor,poor,poor
198,11215,33223539.0,31076896.0,51720048.0,58500030.0,53322243.0,55254269.0,74159940.0,81160834.0,34702397.0,49092781.0,excellent,good,excellent,excellent,excellent,good,excellent,excellent,good,excellent
199,10006,72077831.0,49464196.0,73984096.0,85275517.0,145303488.0,272380202.0,99981527.0,84590035.0,80776023.0,69054228.0,excellent,excellent,excellent,excellent,excellent,excellent,excellent,excellent,excellent,excellent
200,11371,967670.0,2916497.0,12725314.0,1476489.0,5189213.0,12121049.0,4103663.0,714869.0,9375858.0,1610000.0,poor,poor,fair,poor,poor,fair,poor,poor,fair,poor
201,10021,136911175.0,149717129.0,203248732.0,248183939.0,207246195.0,200235417.0,204282657.0,237043180.0,246242165.0,86519964.0,excellent,excellent,excellent,excellent,excellent,excellent,excellent,excellent,excellent,excellent
202,10465,10990782.0,11660922.0,2934672.0,3873233.0,5868895.0,8769864.0,7031294.0,13916992.0,22830554.0,2218578.0,fair,fair,poor,poor,poor,poor,poor,fair,good,poor
203,10153,105472444.0,130902024.0,205165376.0,189435636.98,176189468.0,194680286.0,202312599.0,170746800.0,220779174.0,82726165.0,excellent,excellent,excellent,excellent,excellent,excellent,excellent,excellent,excellent,excellent
